row_index,PSMILES,normalized_PSMILES_for_current_gate,Exp_Tg_K,source,polymer_class,reliability,current_pmsbp_density,representation_class,support_status,support_error
0,[*]#C[SiH2]C#Cc1cccc(C#[*])c1,*#C[SiH2]C#Cc1cccc(C#*)c1,345.15,GREA,Polysiloxanes,black,,,unsupported,ValueError
1,[*]#Cc1cccc(C#C[SiH](C#[*])c2ccccc2)c1,*#Cc1cccc(C#C[SiH](C#*)c2ccccc2)c1,358.15,GREA,Polysiloxanes,black,,,unsupported,ValueError
2,[*]#Cc1ccccc1C#C[SiH](C#[*])c1ccccc1,*#Cc1ccccc1C#C[SiH](C#*)c1ccccc1,344.15,GREA,Polysiloxanes,black,,,unsupported,ValueError
3,[*]/C(=C(/[*])c1ccc(C(C)(C)C)cc1)c1ccccc1,*/C(=C(/*)c1ccc(C(C)(C)C)cc1)c1ccccc1,473.15,GREA,Polyvinyls,black,,,unsupported,ValueError
4,[*]/C(=C(/[*])c1ccc(CCCC)cc1)c1ccccc1,*/C(=C(/*)c1ccc(CCCC)cc1)c1ccccc1,473.15,GREA,Polyvinyls,black,,,unsupported,ValueError
5,[*]/C(=C(/[*])c1ccc(Oc2ccccc2)cc1)c1ccccc1,*/C(=C(/*)c1ccc(Oc2ccccc2)cc1)c1ccccc1,473.15,GREA,Polyvinyls,black,,,unsupported,ValueError
6,[*]/C(=C(/[*])c1ccc([Si](C(C)C)(C(C)C)C(C)C)cc1)c1ccccc1,*/C(=C(/*)c1ccc([Si](C(C)C)(C(C)C)C(C)C)cc1)c1ccccc1,523.15,GREA,Polyvinyls,black,,,unsupported,ValueError
7,[*]/C(=C(/[*])c1ccc([Si](C)(C)C)cc1)c1ccccc1,*/C(=C(/*)c1ccc([Si](C)(C)C)cc1)c1ccccc1,473.15,GREA,Polyvinyls,black,,,unsupported,ValueError
8,[*]/C(=C(/[*])c1cccc([Ge](C)(C)C)c1)c1ccccc1,*/C(=C(/*)c1cccc([Ge](C)(C)C)c1)c1ccccc1,473.15,GREA,Polyvinyls,black,,,unsupported,ValueError
9,[*]/C(=C(/[*])c1cccc([Si](C)(C)C)c1)c1ccccc1,*/C(=C(/*)c1cccc([Si](C)(C)C)c1)c1ccccc1,473.15,GREA,Polyvinyls,black,,,unsupported,ValueError
10,[*]/C(C#N)=C/c1cc(C=C(C#N)c2ccc3c(c2)C(CCCCCCCC)(CCCCCCCC)c2cc([*])ccc2-3)cc(N(c2ccccc2)c2ccccc2)c1,*/C(C#N)=C/c1cc(C=C(C#N)c2ccc3c(c2)C(CCCCCCCC)(CCCCCCCC)c2cc(*)ccc2-3)cc(N(c2ccccc2)c2ccccc2)c1,409.15,GREA,Polyphenylenes,black,,,unsupported,ValueError
11,[*]/C(C)=C(/[*])CCC,*/C(C)=C(/*)CCC,473.15,GREA,Polydienes,black,,,unsupported,ValueError
12,[*]/C(C)=C(/[*])CCCCC,*/C(C)=C(/*)CCCCC,453.15,GREA,Polydienes,black,,,unsupported,ValueError
13,[*]/C(C)=C(/[*])CCCCCCC,*/C(C)=C(/*)CCCCCCC,433.15,GREA,Polydienes,black,,,unsupported,ValueError
14,[*]/C(C)=C(/[*])SCC,*/C(C)=C(/*)SCC,433.15,GREA,Polyvinyls,black,,,unsupported,ValueError
15,[*]/C(C)=C(/[*])SCCCCCC,*/C(C)=C(/*)SCCCCCC,383.15,GREA,Polyvinyls,black,,,unsupported,ValueError
16,[*]/C(C)=C(/[*])SCCCCCCCCCC,*/C(C)=C(/*)SCCCCCCCCCC,333.15,GREA,Polyvinyls,black,,,unsupported,ValueError
17,[*]/C(C)=C(/[*])[Ge](C)(C)C,*/C(C)=C(/*)[Ge](C)(C)C,523.15,GREA,Polyvinyls,black,,,unsupported,ValueError
18,[*]/C(C)=C(/[*])[Si](C)(C)C,*/C(C)=C(/*)[Si](C)(C)C,348.15,GREA,Polyvinyls,black,,,unsupported,ValueError
19,[*]/C(C)=C(/[*])[Si](C)(C)CCCCCC,*/C(C)=C(/*)[Si](C)(C)CCCCCC,473.15,GREA,Polyvinyls,black,,,unsupported,ValueError
20,[*]/C(C)=C(/[*])[Si](C)(C)CC[Si](C)(C)C,*/C(C)=C(/*)[Si](C)(C)CC[Si](C)(C)C,473.15,GREA,Polyvinyls,black,,,unsupported,ValueError
21,[*]/C(C)=C(/[*])[Si](C)(C)C[Si](C)(C)C,*/C(C)=C(/*)[Si](C)(C)C[Si](C)(C)C,473.15,GREA,Polyvinyls,black,,,unsupported,ValueError
22,[*]/C(C)=C(/[*])c1ccc([Si](C)(C)C)cc1,*/C(C)=C(/*)c1ccc([Si](C)(C)C)cc1,268.15,GREA,Polyvinyls,black,,,unsupported,ValueError
23,[*]/C(CC)=C(/[*])c1ccccc1,*/C(CC)=C(/*)c1ccccc1,473.15,GREA,Polyvinyls,black,,,unsupported,ValueError
24,[*]/C(CCCCCC)=C(/[*])c1ccccc1,*/C(CCCCCC)=C(/*)c1ccccc1,473.15,GREA,Polyvinyls,black,,,unsupported,ValueError
25,[*]/C(Cl)=C(/[*])CCCC,*/C(Cl)=C(/*)CCCC,463.15,GREA,Polyvinyls,black,,,unsupported,ValueError
26,[*]/C(Cl)=C(/[*])CCCCCC,*/C(Cl)=C(/*)CCCCCC,423.15,GREA,Polyvinyls,black,,,unsupported,ValueError
27,[*]/C(Cl)=C(/[*])CCCCCCCC,*/C(Cl)=C(/*)CCCCCCCC,363.15,GREA,Polyvinyls,black,,,unsupported,ValueError
28,[*]/C(Cl)=C(/[*])c1ccccc1,*/C(Cl)=C(/*)c1ccccc1,488.15,GREA,Polyvinyls,black,,,unsupported,ValueError
29,[*]/C=C(/[*])C(C)(C)C,*/C=C(/*)C(C)(C)C,473.15,GREA,Polydienes,black,,,unsupported,ValueError
30,[*]/C=C(/[*])C(CCC)[Si](C)(C)CCCCCC,*/C=C(/*)C(CCC)[Si](C)(C)CCCCCC,313.15,GREA,Polyvinyls,black,,,unsupported,ValueError
31,[*]/C=C(/[*])C(CCC)[Si](C)(C)c1ccccc1,*/C=C(/*)C(CCC)[Si](C)(C)c1ccccc1,383.15,GREA,Polyvinyls,black,,,unsupported,ValueError
32,[*]/C=C(/[*])C(CCCCC)[Si](C)(C)C,*/C=C(/*)C(CCCCC)[Si](C)(C)C,443.15,GREA,Polyvinyls,black,,,unsupported,ValueError
33,[*]/C=C(/[*])C(CCCCCCC)[Si](C)(C)C,*/C=C(/*)C(CCCCCCC)[Si](C)(C)C,423.15,GREA,Polyvinyls,black,,,unsupported,ValueError
34,[*]/C=C(/[*])CCCOC(=O)c1cc(-c2ccc(OC)cc2)ccc1-c1ccc(OC)cc1,*/C=C(/*)CCCOC(=O)c1cc(-c2ccc(OC)cc2)ccc1-c1ccc(OC)cc1,345.55,GREA,Polyvinyls,black,,,unsupported,ValueError
35,[*]/C=C(/[*])CCCOc1ccc(OC(=O)c2ccc(OC)cc2)cc1,*/C=C(/*)CCCOc1ccc(OC(=O)c2ccc(OC)cc2)cc1,293.15,GREA,Polyvinyls,black,,,unsupported,ValueError
36,[*]/C=C(/[*])CCCOc1ccc(OC(=O)c2ccc(OCCCC)cc2)cc1,*/C=C(/*)CCCOc1ccc(OC(=O)c2ccc(OCCCC)cc2)cc1,309.15,GREA,Polyvinyls,black,,,unsupported,ValueError
37,[*]/C=C(/[*])CCCOc1ccc(OC(=O)c2ccc(OCCCCCCCC)cc2)cc1,*/C=C(/*)CCCOc1ccc(OC(=O)c2ccc(OCCCCCCCC)cc2)cc1,315.15,GREA,Polyvinyls,black,,,unsupported,ValueError
38,[*]/C=C(/[*])c1c(C)cc(C(C)(C)C)cc1C,*/C=C(/*)c1c(C)cc(C(C)(C)C)cc1C,473.15,GREA,Polyvinyls,black,,,unsupported,ValueError
39,[*]/C=C(/[*])c1c(F)c(F)c(CCCC)c(F)c1F,*/C=C(/*)c1c(F)c(F)c(CCCC)c(F)c1F,383.15,GREA,Polyvinyls,black,,,unsupported,ValueError
40,[*]/C=C(/[*])c1ccc(-n2c(=O)c3cc4c(=O)n(-c5ccc(C#C)cc5)c(=O)c4cc3c2=O)cc1,*/C=C(/*)c1ccc(-n2c(=O)c3cc4c(=O)n(-c5ccc(C#C)cc5)c(=O)c4cc3c2=O)cc1,693.15,GREA,Polyvinyls,black,,,unsupported,ValueError
41,[*]/C=C(/[*])c1ccccc1C(F)(F)F,*/C=C(/*)c1ccccc1C(F)(F)F,403.15,GREA,Polyvinyls,black,,,unsupported,ValueError
42,[*]/C=C(/[*])c1ccccc1C[Si](C)(C)C,*/C=C(/*)c1ccccc1C[Si](C)(C)C,443.15,GREA,Polyvinyls,black,,,unsupported,ValueError
43,[*]/C=C(/[*])c1ccccc1[Ge](C)(C)C,*/C=C(/*)c1ccccc1[Ge](C)(C)C,453.15,GREA,Polyvinyls,black,,,unsupported,ValueError
44,[*]/C=C(/[*])c1ccccc1[Si](C)(C)C,*/C=C(/*)c1ccccc1[Si](C)(C)C,463.15,GREA,Polyvinyls,black,,,unsupported,ValueError
45,[*]/C=C/[*],*/C=C/*,269.15,GREA,Polydienes,black,-0.5,*CC*,supported,
46,[*]=C(C#CC(=[*])COS(=O)(=O)c1ccc(C)cc1)COS(=O)(=O)c1ccc(C)cc1,*=C(C#CC(=*)COS(=O)(=O)c1ccc(C)cc1)COS(=O)(=O)c1ccc(C)cc1,200.15,GREA,Polyvinyls,black,,,unsupported,ValueError
47,[*]=C(C#N)N1C(=O)c2ccc(C(=O)c3ccc(-c4ccc5c(c4)C(=O)N(C(=[*])C#N)C5=O)cc3)cc2C1=O,*=C(C#N)N1C(=O)c2ccc(C(=O)c3ccc(-c4ccc5c(c4)C(=O)N(C(=*)C#N)C5=O)cc3)cc2C1=O,522.15,GREA,Polyimides,black,,,unsupported,ValueError
48,[*]=C(C#N)NC(=O)c1ccc(C(=O)NC(=[*])C#N)cc1,*=C(C#N)NC(=O)c1ccc(C(=O)NC(=*)C#N)cc1,505.15,GREA,Polyamides,black,,,unsupported,ValueError
49,[*]=C(C#N)c1ccc(C(=O)OC2CCN(C(=[*])c3ccc(OC)cc3)CC2)cc1,*=C(C#N)c1ccc(C(=O)OC2CCN(C(=*)c3ccc(OC)cc3)CC2)cc1,456.15,GREA,Polyesters,black,,,unsupported,ValueError
50,[*]=C(C#N)c1ccc(C(=O)OCC2CCCN(C(=[*])c3ccc(OC)cc3)C2)cc1,*=C(C#N)c1ccc(C(=O)OCC2CCCN(C(=*)c3ccc(OC)cc3)C2)cc1,449.15,GREA,Polyesters,black,,,unsupported,ValueError
51,[*]=C(C#N)c1ccc(C(=O)OCCC2CCN(C(=[*])c3ccc(OC)cc3)CC2)cc1,*=C(C#N)c1ccc(C(=O)OCCC2CCN(C(=*)c3ccc(OC)cc3)CC2)cc1,440.15,GREA,Polyesters,black,,,unsupported,ValueError
52,[*]=C(C#N)n1c(=O)c2cc3c(=O)n(C(=[*])C#N)c(=O)c3cc2c1=O,*=C(C#N)n1c(=O)c2cc3c(=O)n(C(=*)C#N)c(=O)c3cc2c1=O,483.15,GREA,Polyimides,black,,,unsupported,ValueError
53,[*]=C(C)CCC(=[*])C,*=C(C)CCC(=*)C,277.15,GREA,Polydienes,black,,,unsupported,ValueError
54,[*]=C(CCC(=[*])c1ccccc1)c1ccccc1,*=C(CCC(=*)c1ccccc1)c1ccccc1,393.65,GREA,Polyvinyls,black,,,unsupported,ValueError
55,[*]=C(Cl)CC(F)(F)C(=[*])F,*=C(Cl)CC(F)(F)C(=*)F,256.15,GREA,Polydienes,black,,,unsupported,ValueError
56,[*]=C(F)C(F)(F)C(F)(C(=[*])F)C(F)(F)F,*=C(F)C(F)(F)C(F)(C(=*)F)C(F)(F)F,270.15,GREA,Polydienes,black,,,unsupported,ValueError
57,[*]=C(F)C(F)(F)ON(C(F)(F)F)C(F)(F)C(=[*])F,*=C(F)C(F)(F)ON(C(F)(F)F)C(F)(F)C(=*)F,266.15,GREA,Polyoxides,black,,,unsupported,ValueError
58,[*]=C(OC)c1ccc(C(=[*])OC)s1,*=C(OC)c1ccc(C(=*)OC)s1,364.15,GREA,Polysulfides,black,,,unsupported,ValueError
59,[*]=C([2H])C([2H])([2H])C([2H])([2H])C(=[*])C([2H])([2H])[2H],*=C([2H])C([2H])([2H])C([2H])([2H])C(=*)C([2H])([2H])[2H],215.15,GREA,Polydienes,black,,,unsupported,ValueError
60,[*]=C(c1ccc(Oc2ccccc2)cc1)c1ccc(C(=[*])c2ccc(Oc3ccccc3)cc2)cc1,*=C(c1ccc(Oc2ccccc2)cc1)c1ccc(C(=*)c2ccc(Oc3ccccc3)cc2)cc1,436.15,GREA,Polyphenylenes,black,,,unsupported,ValueError
61,[*]=C1C(=O)N(CC(CCCCCCCC)CCCCCCCCCC)c2cc(-c3ccc(-c4ccc(-c5ccc6c(c5)N(CC(CCCCCCCC)CCCCCCCCCC)C(=O)C6=[*])s4)s3)ccc21,*=C1C(=O)N(CC(CCCCCCCC)CCCCCCCCCC)c2cc(-c3ccc(-c4ccc(-c5ccc6c(c5)N(CC(CCCCCCCC)CCCCCCCCCC)C(=O)C6=*)s4)s3)ccc21,338.15,Xie,Other class,black,,,unsupported,ValueError
62,[*]=CC(=O)NCCCCCCCCCCNC(=O)C(=[*])C,*=CC(=O)NCCCCCCCCCCNC(=O)C(=*)C,347.15,GREA,Polyamides,black,,,unsupported,ValueError
63,[*]=CC(=O)NCCCCCCNC(=O)C(=[*])C,*=CC(=O)NCCCCCCNC(=O)C(=*)C,367.15,GREA,Polyamides,black,,,unsupported,ValueError
64,[*]=CC(=O)NCc1cccc(CNC(=O)C(=[*])C)c1,*=CC(=O)NCc1cccc(CNC(=O)C(=*)C)c1,408.15,GREA,Polyamides,black,,,unsupported,ValueError
65,[*]=CC(C)CC(=[*])C,*=CC(C)CC(=*)C,275.45,GREA,Polydienes,black,,,unsupported,ValueError
66,[*]=CC(C)S(=O)(=O)CC(=[*])C,*=CC(C)S(=O)(=O)CC(=*)C,356.15,GREA,Polysulfides,black,,,unsupported,ValueError
67,[*]=CC1CC(C=[*])C2C3CCC(C3)C12,*=CC1CC(C=*)C2C3CCC(C3)C12,480.55,GREA,Polydienes,black,,,unsupported,ValueError
68,[*]=CC1CCC(C=[*])C1,*=CC1CCC(C=*)C1,304.15,GREA,Polydienes,black,,,unsupported,ValueError
69,[*]=CCC(F)(F)C(=[*])F,*=CCC(F)(F)C(=*)F,238.15,GREA,Polydienes,black,,,unsupported,ValueError
70,[*]=CCCC(=[*])C(C)(C)C,*=CCCC(=*)C(C)(C)C,293.15,GREA,Polydienes,black,,,unsupported,ValueError
71,[*]=CCCC(=[*])C(C)C,*=CCCC(=*)C(C)C,226.15,GREA,Polydienes,black,,,unsupported,ValueError
72,[*]=CCCC(=[*])CCCCCCC,*=CCCC(=*)CCCCCCC,190.15,GREA,Polydienes,black,,,unsupported,ValueError
73,[*]=CCCC(=[*])CCCCCCCCCC,*=CCCC(=*)CCCCCCCCCC,220.15,GREA,Polydienes,black,,,unsupported,ValueError
74,[*]=CCCC(=[*])[Sn](CCCC)(CCCC)CCCC,*=CCCC(=*)[Sn](CCCC)(CCCC)CCCC,193.15,GREA,Polyvinyls,black,,,unsupported,ValueError
75,[*]=CCCC(=[*])c1ccccc1,*=CCCC(=*)c1ccccc1,312.65,GREA,Polyvinyls,black,,,unsupported,ValueError
76,[*]=CCCCC(=[*])c1ccc(Cl)cc1,*=CCCCC(=*)c1ccc(Cl)cc1,289.15,GREA,Polyvinyls,black,,,unsupported,ValueError
77,[*]=CCCCC(=[*])c1ccc(OC)cc1,*=CCCCC(=*)c1ccc(OC)cc1,284.15,GREA,Polyvinyls,black,,,unsupported,ValueError
78,[*]=CCCCC(=[*])c1ccccc1,*=CCCCC(=*)c1ccccc1,273.15,GREA,Polyvinyls,black,,,unsupported,ValueError
79,[*]=CCCCCCCC=[*],*=CCCCCCCC=*,195.15,GREA,Polydienes,black,-0.5,*CC*,supported,
80,[*]=CCCCCCCCCCCC=[*],*=CCCCCCCCCCCC=*,220.15,GREA,Polydienes,black,-0.5,*CC*,supported,
81,[*]=CCS(=O)(=O)C(C)C(=[*])C,*=CCS(=O)(=O)C(C)C(=*)C,346.15,GREA,Polysulfides,black,,,unsupported,ValueError
82,[*]=CCS(=O)(=O)CC(=[*])C,*=CCS(=O)(=O)CC(=*)C,361.35,GREA,Polysulfides,black,,,unsupported,ValueError
83,[*]=Cc1cc(OC)c(/C=C(\c2ccc(OC)cc2)c2ccc(C(=[*])c3ccc(OC)cc3)cc2)cc1OC,*=Cc1cc(OC)c(/C=C(\c2ccc(OC)cc2)c2ccc(C(=*)c3ccc(OC)cc3)cc2)cc1OC,443.15,GREA,Polyphenylenes,black,,,unsupported,ValueError
84,[*]=Cc1ccc(/C=C(\c2ccccc2)c2ccc(-c3ccc(C(=[*])c4ccccc4)cc3)cc2)cc1,*=Cc1ccc(/C=C(\c2ccccc2)c2ccc(-c3ccc(C(=*)c4ccccc4)cc3)cc2)cc1,493.15,GREA,Polyphenylenes,black,,,unsupported,ValueError
85,[*]=Cc1ccc(/C=C/c2ccc(N(c3ccccc3)c3ccc(N(c4ccccc4)c4ccc(/C=C/c5ccc(/C=C(\C#N)C(=O)NC6CCCCC6NC(=O)C(=[*])C#N)s5)cc4)cc3)cc2)s1,*=Cc1ccc(/C=C/c2ccc(N(c3ccccc3)c3ccc(N(c4ccccc4)c4ccc(/C=C/c5ccc(/C=C(\C#N)C(=O)NC6CCCCC6NC(=O)C(=*)C#N)s5)cc4)cc3)cc2)s1,513.15,GREA,Polysulfides,black,,,unsupported,ValueError
86,[*]=Cc1ccc(/C=C/c2ccc(N(c3ccccc3)c3ccc(N(c4ccccc4)c4ccc(/C=C/c5ccc(/C=C(\C#N)c6cccc(C(=[*])C#N)c6)s5)cc4)cc3)cc2)s1,*=Cc1ccc(/C=C/c2ccc(N(c3ccccc3)c3ccc(N(c4ccccc4)c4ccc(/C=C/c5ccc(/C=C(\C#N)c6cccc(C(=*)C#N)c6)s5)cc4)cc3)cc2)s1,451.15,GREA,Polysulfides,black,,,unsupported,ValueError
87,[*]=Cc1ccc(C(=[*])c2ccc(C(F)(F)F)cc2)cc1,*=Cc1ccc(C(=*)c2ccc(C(F)(F)F)cc2)cc1,472.15,GREA,Polyphenylenes,black,,,unsupported,ValueError
88,[*]=Cc1ccc(C=Cc2ccc(N(c3ccccc3)c3ccc(N(c4ccccc4)c4ccc(C=Cc5ccc(C=C(C#N)C(=O)Nc6cc(-c7ccc(O)c(NC(=O)C(=[*])C#N)c7)ccc6O)s5)cc4)cc3)cc2)s1,*=Cc1ccc(C=Cc2ccc(N(c3ccccc3)c3ccc(N(c4ccccc4)c4ccc(C=Cc5ccc(C=C(C#N)C(=O)Nc6cc(-c7ccc(O)c(NC(=O)C(=*)C#N)c7)ccc6O)s5)cc4)cc3)cc2)s1,494.15,GREA,Polysulfides,black,,,unsupported,ValueError
89,[*]=Cc1ccc(N(c2ccccc2)c2ccc(C=C(c3ccc(OC)cc3)c3ccc(C(=[*])c4ccc(OC)cc4)cc3)cc2)cc1,*=Cc1ccc(N(c2ccccc2)c2ccc(C=C(c3ccc(OC)cc3)c3ccc(C(=*)c4ccc(OC)cc4)cc3)cc2)cc1,470.15,GREA,Polyimines,black,,,unsupported,ValueError
90,[*]=Cc1ccc(N(c2ccccc2)c2ccc(N(c3ccccc3)c3ccc(/C=C(\C#N)C(=O)NC4CCCCC4NC(=O)C(=[*])C#N)cc3)cc2)cc1,*=Cc1ccc(N(c2ccccc2)c2ccc(N(c3ccccc3)c3ccc(/C=C(\C#N)C(=O)NC4CCCCC4NC(=O)C(=*)C#N)cc3)cc2)cc1,512.15,GREA,Polyamides,black,,,unsupported,ValueError
91,[*]=Cc1ccc(OCC(O)COC(=O)CCCCC(=O)OCC(O)COc2ccc(C(=[*])C)cc2)cc1,*=Cc1ccc(OCC(O)COC(=O)CCCCC(=O)OCC(O)COc2ccc(C(=*)C)cc2)cc1,306.15,GREA,Polyoxides,black,,,unsupported,ValueError
92,[*]=Cc1ccc(OCC(O)COC(=O)CCCCCCCCC(=O)OCC(O)COc2ccc(C(=[*])C)cc2)cc1,*=Cc1ccc(OCC(O)COC(=O)CCCCCCCCC(=O)OCC(O)COc2ccc(C(=*)C)cc2)cc1,303.15,GREA,Polyoxides,black,,,unsupported,ValueError
93,[*]=Cc1ccc(OCCCCCCCCCCOc2ccc(/C=C3\CCCC(=[*])C3=O)cc2)cc1,*=Cc1ccc(OCCCCCCCCCCOc2ccc(/C=C3\CCCC(=*)C3=O)cc2)cc1,358.15,GREA,Polyoxides,black,,,unsupported,ValueError
94,[*]=Cc1ccc(OCCCCCCCCOc2ccc(/C=C3\CCCC(=[*])C3=O)cc2)cc1,*=Cc1ccc(OCCCCCCCCOc2ccc(/C=C3\CCCC(=*)C3=O)cc2)cc1,363.15,GREA,Polyoxides,black,,,unsupported,ValueError
95,[*]=Cc1ccc(OCCCCCCOc2ccc(/C=C3\CCCC(=[*])C3=O)cc2)cc1,*=Cc1ccc(OCCCCCCOc2ccc(/C=C3\CCCC(=*)C3=O)cc2)cc1,389.15,GREA,Polyoxides,black,,,unsupported,ValueError
96,[*]=Cc1ccc(OCCOCCOCCOCCOCCOc2ccc(C(=[*])C)cc2)cc1,*=Cc1ccc(OCCOCCOCCOCCOCCOc2ccc(C(=*)C)cc2)cc1,290.15,GREA,Polyoxides,black,,,unsupported,ValueError
97,[*]=Cc1ccc(OCCOCCOCCOCCOc2ccc(C(=[*])C)cc2)cc1,*=Cc1ccc(OCCOCCOCCOCCOc2ccc(C(=*)C)cc2)cc1,280.65,GREA,Polyoxides,black,,,unsupported,ValueError
98,[*]=Cc1ccc(OCCOCCOCCOc2ccc(C(=[*])C)cc2)cc1,*=Cc1ccc(OCCOCCOCCOc2ccc(C(=*)C)cc2)cc1,289.15,GREA,Polyoxides,black,,,unsupported,ValueError
99,[*]=Cc1ccc(OCCOCCOc2ccc(C(=[*])C)cc2)cc1,*=Cc1ccc(OCCOCCOc2ccc(C(=*)C)cc2)cc1,312.15,GREA,Polyoxides,black,,,unsupported,ValueError
100,[*]=Cc1ccc(Oc2ccc(-c3nnc(-c4ccc(Oc5ccc(C=[*])cc5)cc4)o3)cc2)cc1,*=Cc1ccc(Oc2ccc(-c3nnc(-c4ccc(Oc5ccc(C=*)cc5)cc4)o3)cc2)cc1,488.15,GREA,Polyoxides,black,,,unsupported,ValueError
101,[*]=Cc1ccc(Oc2ccc(S(=O)(=O)c3ccc(Oc4ccc(/C=C5\CCC(=[*])C5=O)cc4)cc3)cc2)cc1,*=Cc1ccc(Oc2ccc(S(=O)(=O)c3ccc(Oc4ccc(/C=C5\CCC(=*)C5=O)cc4)cc3)cc2)cc1,508.15,GREA,Polyoxides,black,,,unsupported,ValueError
102,[*]=Cc1ccc(Oc2ccc(S(=O)(=O)c3ccc(Oc4ccc(/C=C5\CCCC(=[*])C5=O)cc4)cc3)cc2)cc1,*=Cc1ccc(Oc2ccc(S(=O)(=O)c3ccc(Oc4ccc(/C=C5\CCCC(=*)C5=O)cc4)cc3)cc2)cc1,463.15,GREA,Polyoxides,black,,,unsupported,ValueError
103,[*]=Cc1ccc(Oc2ccc(S(=O)(=O)c3ccc(Oc4ccc(/C=C5\CCCCC(=[*])C5=O)cc4)cc3)cc2)cc1,*=Cc1ccc(Oc2ccc(S(=O)(=O)c3ccc(Oc4ccc(/C=C5\CCCCC(=*)C5=O)cc4)cc3)cc2)cc1,459.15,GREA,Polyoxides,black,,,unsupported,ValueError
104,[*]=Cc1ccc(Oc2ccc(S(=O)(=O)c3ccc(Oc4ccc(C5(c6ccc(Oc7ccc(S(=O)(=O)c8ccc(Oc9ccc(/C=C%10\CCC(=[*])C%10=O)cc9)cc8)cc7)cc6)CCCC5)cc4)cc3)cc2)cc1,*=Cc1ccc(Oc2ccc(S(=O)(=O)c3ccc(Oc4ccc(C5(c6ccc(Oc7ccc(S(=O)(=O)c8ccc(Oc9ccc(/C=C%10\CCC(=*)C%10=O)cc9)cc8)cc7)cc6)CCCC5)cc4)cc3)cc2)cc1,513.15,GREA,Polyoxides,black,,,unsupported,ValueError
105,[*]=Cc1ccc(Oc2ccc(S(=O)(=O)c3ccc(Oc4ccc(C5(c6ccc(Oc7ccc(S(=O)(=O)c8ccc(Oc9ccc(/C=C%10\CCCC(=[*])C%10=O)cc9)cc8)cc7)cc6)CCCCC5)cc4)cc3)cc2)cc1,*=Cc1ccc(Oc2ccc(S(=O)(=O)c3ccc(Oc4ccc(C5(c6ccc(Oc7ccc(S(=O)(=O)c8ccc(Oc9ccc(/C=C%10\CCCC(=*)C%10=O)cc9)cc8)cc7)cc6)CCCCC5)cc4)cc3)cc2)cc1,463.15,GREA,Polyoxides,black,,,unsupported,ValueError
106,[*]=Cc1ccc(Oc2ccc(S(=O)(=O)c3ccc(Oc4ccc(C5(c6ccc(Oc7ccc(S(=O)(=O)c8ccc(Oc9ccc(/C=C%10\CCCCC(=[*])C%10=O)cc9)cc8)cc7)cc6)CCCCCC5)cc4)cc3)cc2)cc1,*=Cc1ccc(Oc2ccc(S(=O)(=O)c3ccc(Oc4ccc(C5(c6ccc(Oc7ccc(S(=O)(=O)c8ccc(Oc9ccc(/C=C%10\CCCCC(=*)C%10=O)cc9)cc8)cc7)cc6)CCCCCC5)cc4)cc3)cc2)cc1,469.15,GREA,Polyoxides,black,,,unsupported,ValueError
107,[*]=Cc1ccc2c(c1)c1cc(/C=C(\C#N)C(=O)OCCCCCCOC(=O)C(=[*])C#N)ccc1n2CCCCCCCCCCCOc1ccc(/C=C/c2ccc([N+](=O)[O-])cc2)cc1,*=Cc1ccc2c(c1)c1cc(/C=C(\C#N)C(=O)OCCCCCCOC(=O)C(=*)C#N)ccc1n2CCCCCCCCCCCOc1ccc(/C=C/c2ccc([N+](=O)[O-])cc2)cc1,360.15,GREA,Polyesters,black,,,unsupported,ValueError
108,[*]=Cc1ccc2c(c1)c1cc(/C=C(\C#N)C(=O)OCCCCCCOC(=O)C(=[*])C#N)ccc1n2CCCCCCCCCCCn1c2ccccc2c2ccccc21,*=Cc1ccc2c(c1)c1cc(/C=C(\C#N)C(=O)OCCCCCCOC(=O)C(=*)C#N)ccc1n2CCCCCCCCCCCn1c2ccccc2c2ccccc21,336.15,GREA,Polyesters,black,,,unsupported,ValueError
109,[*]=Cc1ccc2c(c1)c1ccccc1n2CCCCCCCCCCn1c2ccccc2c2cc(/C=C(\C#N)C(=O)OCCCCCCOC(=O)C(=[*])C#N)ccc21,*=Cc1ccc2c(c1)c1ccccc1n2CCCCCCCCCCn1c2ccccc2c2cc(/C=C(\C#N)C(=O)OCCCCCCOC(=O)C(=*)C#N)ccc21,367.65,GREA,Polyesters,black,,,unsupported,ValueError
110,[*]=Cc1ccc2c(c1)c1ccccc1n2CCCCCCCCCn1c2ccccc2c2cc(/C=C(\C#N)C(=O)OCCCCCCOC(=O)C(=[*])C#N)ccc21,*=Cc1ccc2c(c1)c1ccccc1n2CCCCCCCCCn1c2ccccc2c2cc(/C=C(\C#N)C(=O)OCCCCCCOC(=O)C(=*)C#N)ccc21,369.55,GREA,Polyesters,black,,,unsupported,ValueError
111,[*]=Cc1ccc2c(c1)c1ccccc1n2CCCCCCCCn1c2ccccc2c2cc(/C=C(\C#N)C(=O)OCCCCCCOC(=O)C(=[*])C#N)ccc21,*=Cc1ccc2c(c1)c1ccccc1n2CCCCCCCCn1c2ccccc2c2cc(/C=C(\C#N)C(=O)OCCCCCCOC(=O)C(=*)C#N)ccc21,369.85,GREA,Polyesters,black,,,unsupported,ValueError
112,[*]=Cc1ccc2c(c1)c1ccccc1n2CCCCCCCn1c2ccccc2c2cc(/C=C(\C#N)C(=O)OCCCCCCOC(=O)C(=[*])C#N)ccc21,*=Cc1ccc2c(c1)c1ccccc1n2CCCCCCCn1c2ccccc2c2cc(/C=C(\C#N)C(=O)OCCCCCCOC(=O)C(=*)C#N)ccc21,380.95,GREA,Polyesters,black,,,unsupported,ValueError
113,[*]=Cc1ccc2c(c1)c1ccccc1n2CCCCCCn1c2ccccc2c2cc(/C=C(\C#N)C(=O)OCCCCCCOC(=O)C(=[*])C#N)ccc21,*=Cc1ccc2c(c1)c1ccccc1n2CCCCCCn1c2ccccc2c2cc(/C=C(\C#N)C(=O)OCCCCCCOC(=O)C(=*)C#N)ccc21,390.85,GREA,Polyesters,black,,,unsupported,ValueError
114,[*]=Cc1ccc2c(c1)c1ccccc1n2CCCCOC(=O)Nc1ccc(Cc2ccc(NC(=O)OCCCCn3c4ccccc4c4cc(/C=C(\C#N)C(=O)OCCCCCCOC(=O)C(=[*])C#N)ccc43)cc2)cc1,*=Cc1ccc2c(c1)c1ccccc1n2CCCCOC(=O)Nc1ccc(Cc2ccc(NC(=O)OCCCCn3c4ccccc4c4cc(/C=C(\C#N)C(=O)OCCCCCCOC(=O)C(=*)C#N)ccc43)cc2)cc1,395.15,GREA,Polyesters,black,,,unsupported,ValueError
115,[*]=NCCCCCCCCCCNC(=[*])C,*=NCCCCCCCCCCNC(=*)C,353.15,GREA,Polyimines,black,,,unsupported,ValueError
116,[*]=NCCCCCCCCCCNC(=[*])c1ccccc1,*=NCCCCCCCCCCNC(=*)c1ccccc1,283.15,GREA,Polyimines,black,,,unsupported,ValueError
117,[*]=NP(=NP(=NC(=[*])Oc1ccc(Br)cc1)(Oc1ccc(Br)cc1)Oc1ccc(Br)cc1)(Oc1ccc(Br)cc1)Oc1ccc(Br)cc1,*=NP(=NP(=NC(=*)Oc1ccc(Br)cc1)(Oc1ccc(Br)cc1)Oc1ccc(Br)cc1)(Oc1ccc(Br)cc1)Oc1ccc(Br)cc1,318.15,GREA,Polyphosphazenes,black,,,unsupported,ValueError
118,[*]=NP(=NP(=NC(=[*])Oc1ccc(C(=O)OC)cc1)(Oc1ccc(C(=O)OC)cc1)Oc1ccc(C(=O)OC)cc1)(Oc1ccc(C(=O)OC)cc1)Oc1ccc(C(=O)OC)cc1,*=NP(=NP(=NC(=*)Oc1ccc(C(=O)OC)cc1)(Oc1ccc(C(=O)OC)cc1)Oc1ccc(C(=O)OC)cc1)(Oc1ccc(C(=O)OC)cc1)Oc1ccc(C(=O)OC)cc1,325.15,GREA,Polyphosphazenes,black,,,unsupported,ValueError
119,[*]=NP(=NP(=NC(=[*])Oc1ccc(C(C)(C)C)cc1)(Oc1ccc(C(C)(C)C)cc1)Oc1ccc(C(C)(C)C)cc1)(Oc1ccc(C(C)(C)C)cc1)Oc1ccc(C(C)(C)C)cc1,*=NP(=NP(=NC(=*)Oc1ccc(C(C)(C)C)cc1)(Oc1ccc(C(C)(C)C)cc1)Oc1ccc(C(C)(C)C)cc1)(Oc1ccc(C(C)(C)C)cc1)Oc1ccc(C(C)(C)C)cc1,347.15,GREA,Polyphosphazenes,black,,,unsupported,ValueError
120,[*]=NP(=NP(=NC(=[*])Oc1ccc(C(C)(C)c2ccccc2)cc1)(Oc1ccc(C(C)(C)c2ccccc2)cc1)Oc1ccc(C(C)(C)c2ccccc2)cc1)(Oc1ccc(C(C)(C)c2ccccc2)cc1)Oc1ccc(C(C)(C)c2ccccc2)cc1,*=NP(=NP(=NC(=*)Oc1ccc(C(C)(C)c2ccccc2)cc1)(Oc1ccc(C(C)(C)c2ccccc2)cc1)Oc1ccc(C(C)(C)c2ccccc2)cc1)(Oc1ccc(C(C)(C)c2ccccc2)cc1)Oc1ccc(C(C)(C)c2ccccc2)cc1,328.15,GREA,Polyphosphazenes,black,,,unsupported,ValueError
121,[*]=NP(=NP(=NC(=[*])Oc1ccc(C(F)(F)F)cc1)(Oc1ccc(C(F)(F)F)cc1)Oc1ccc(C(F)(F)F)cc1)(Oc1ccc(C(F)(F)F)cc1)Oc1ccc(C(F)(F)F)cc1,*=NP(=NP(=NC(=*)Oc1ccc(C(F)(F)F)cc1)(Oc1ccc(C(F)(F)F)cc1)Oc1ccc(C(F)(F)F)cc1)(Oc1ccc(C(F)(F)F)cc1)Oc1ccc(C(F)(F)F)cc1,304.15,GREA,Polyphosphazenes,black,,,unsupported,ValueError
122,[*]=NP(=NP(=NC(=[*])Oc1ccc(OC)cc1)(Oc1ccc(OC)cc1)Oc1ccc(OC)cc1)(Oc1ccc(OC)cc1)Oc1ccc(OC)cc1,*=NP(=NP(=NC(=*)Oc1ccc(OC)cc1)(Oc1ccc(OC)cc1)Oc1ccc(OC)cc1)(Oc1ccc(OC)cc1)Oc1ccc(OC)cc1,310.15,GREA,Polyphosphazenes,black,,,unsupported,ValueError
123,[*]=NP(=NP(=NC(=[*])Oc1ccccc1)(Oc1ccccc1)Oc1ccccc1)(Oc1ccccc1)Oc1ccccc1,*=NP(=NP(=NC(=*)Oc1ccccc1)(Oc1ccccc1)Oc1ccccc1)(Oc1ccccc1)Oc1ccccc1,291.15,GREA,Polyphosphazenes,black,,,unsupported,ValueError
124,[*]=NP(=NP(=NC(=[*])Oc1ccccc1C(F)(F)F)(Oc1ccccc1C(F)(F)F)Oc1ccccc1C(F)(F)F)(Oc1ccccc1C(F)(F)F)Oc1ccccc1C(F)(F)F,*=NP(=NP(=NC(=*)Oc1ccccc1C(F)(F)F)(Oc1ccccc1C(F)(F)F)Oc1ccccc1C(F)(F)F)(Oc1ccccc1C(F)(F)F)Oc1ccccc1C(F)(F)F,253.15,GREA,Polyphosphazenes,black,,,unsupported,ValueError
125,[*]=NP(=NP(=NS(=[*])(=O)Nc1ccccc1)(Nc1ccccc1)Nc1ccccc1)(Nc1ccccc1)Nc1ccccc1,*=NP(=NP(=NS(=*)(=O)Nc1ccccc1)(Nc1ccccc1)Nc1ccccc1)(Nc1ccccc1)Nc1ccccc1,355.15,GREA,Polyphosphazenes,black,,,unsupported,ValueError
126,[*]=NP(=NP(=NS(=[*])Oc1ccc(-c2ccccc2)cc1)(Oc1ccc(-c2ccccc2)cc1)Oc1ccc(-c2ccccc2)cc1)(Oc1ccc(-c2ccccc2)cc1)Oc1ccc(-c2ccccc2)cc1,*=NP(=NP(=NS(=*)Oc1ccc(-c2ccccc2)cc1)(Oc1ccc(-c2ccccc2)cc1)Oc1ccc(-c2ccccc2)cc1)(Oc1ccc(-c2ccccc2)cc1)Oc1ccc(-c2ccccc2)cc1,342.15,GREA,Polysulfides,black,,,unsupported,ValueError
127,[*]=NP(=NP(=NS(=[*])Oc1ccc(C(C)(C)C)cc1)(Oc1ccc(-c2ccccc2)cc1)Oc1ccc(-c2ccccc2)cc1)(Oc1ccc(-c2ccccc2)cc1)Oc1ccc(-c2ccccc2)cc1,*=NP(=NP(=NS(=*)Oc1ccc(C(C)(C)C)cc1)(Oc1ccc(-c2ccccc2)cc1)Oc1ccc(-c2ccccc2)cc1)(Oc1ccc(-c2ccccc2)cc1)Oc1ccc(-c2ccccc2)cc1,327.15,GREA,Polysulfides,black,,,unsupported,ValueError
128,[*]=NP(=NS(=O)(=NP(=[*])(NC)NC)NC)(NC)NC,*=NP(=NS(=O)(=NP(=*)(NC)NC)NC)(NC)NC,295.15,GREA,Polyphosphazenes,black,,,unsupported,ValueError
129,[*]=NP(=NS(=O)(=NP(=[*])(NCC)NCC)NCC)(NCC)NCC,*=NP(=NS(=O)(=NP(=*)(NCC)NCC)NCC)(NCC)NCC,277.15,GREA,Polyphosphazenes,black,,,unsupported,ValueError
130,[*]=NP(=NS(=O)(=NP(=[*])(NCC=C)NCC=C)NCC=C)(NCC=C)NCC=C,*=NP(=NS(=O)(=NP(=*)(NCC=C)NCC=C)NCC=C)(NCC=C)NCC=C,255.15,GREA,Polyphosphazenes,black,,,unsupported,ValueError
131,[*]=NP(=NS(=O)(=NP(=[*])(NCCC)NCCC)NCCC)(NCCC)NCCC,*=NP(=NS(=O)(=NP(=*)(NCCC)NCCC)NCCC)(NCCC)NCCC,279.15,GREA,Polyphosphazenes,black,,,unsupported,ValueError
132,[*]=NP(=NS(=O)(=NP(=[*])(NCCCC)NCCCC)NCCCC)(NCCCC)NCCCC,*=NP(=NS(=O)(=NP(=*)(NCCCC)NCCCC)NCCCC)(NCCCC)NCCCC,257.15,GREA,Polyphosphazenes,black,,,unsupported,ValueError
133,[*]=NP(=NS(=O)(=NP(=[*])(NCCCCCC)NCCCCCC)NCCCCCC)(NCCCCCC)NCCCCCC,*=NP(=NS(=O)(=NP(=*)(NCCCCCC)NCCCCCC)NCCCCCC)(NCCCCCC)NCCCCCC,255.15,GREA,Polyphosphazenes,black,,,unsupported,ValueError
134,[*]=NP(Cl)(Cl)=NP(Cl)(Cl)=NC(=[*])Cl,*=NP(Cl)(Cl)=NP(Cl)(Cl)=NC(=*)Cl,252.15,GREA,Polyphosphazenes,black,,,unsupported,ValueError
135,[*]=NP(Cl)(Cl)=NP(Cl)(Cl)=NS(=[*])(=O)F,*=NP(Cl)(Cl)=NP(Cl)(Cl)=NS(=*)(=O)F,217.15,GREA,Polyphosphazenes,black,,,unsupported,ValueError
136,[*]=NP(Cl)(Cl)=NP(Cl)(Cl)=NS(=[*])Cl,*=NP(Cl)(Cl)=NP(Cl)(Cl)=NS(=*)Cl,233.15,GREA,Polysulfides,black,,,unsupported,ValueError
137,[*]=NS(=NP(=NP(=[*])(Cl)Oc1cccc(-c2ccccc2)c1)(Oc1cccc(-c2ccccc2)c1)Oc1cccc(-c2ccccc2)c1)Oc1cccc(-c2ccccc2)c1,*=NS(=NP(=NP(=*)(Cl)Oc1cccc(-c2ccccc2)c1)(Oc1cccc(-c2ccccc2)c1)Oc1cccc(-c2ccccc2)c1)Oc1cccc(-c2ccccc2)c1,305.15,GREA,Polysulfides,black,,,unsupported,ValueError
138,[*]=NS(=NP(Cl)(=NP(=[*])(Cl)Oc1ccccc1-c1ccccc1)Oc1ccccc1-c1ccccc1)Oc1ccccc1-c1ccccc1,*=NS(=NP(Cl)(=NP(=*)(Cl)Oc1ccccc1-c1ccccc1)Oc1ccccc1-c1ccccc1)Oc1ccccc1-c1ccccc1,352.15,GREA,Polysulfides,black,,,unsupported,ValueError
139,[*]=Nc1ccc(/N=C(\C)c2ccc(Oc3ccc(C(C)(C)c4ccc(Oc5ccc(C(=[*])C)cc5)cc4)cc3)cc2)cc1,*=Nc1ccc(/N=C(\C)c2ccc(Oc3ccc(C(C)(C)c4ccc(Oc5ccc(C(=*)C)cc5)cc4)cc3)cc2)cc1,434.15,GREA,Polyoxides,black,,,unsupported,ValueError
140,[*]=Nc1ccc(/N=C(\C)c2ccc(Oc3ccc(C(c4ccccc4)(c4ccccc4)c4ccc(Oc5ccc(C(=[*])C)cc5)cc4)cc3)cc2)cc1,*=Nc1ccc(/N=C(\C)c2ccc(Oc3ccc(C(c4ccccc4)(c4ccccc4)c4ccc(Oc5ccc(C(=*)C)cc5)cc4)cc3)cc2)cc1,451.15,GREA,Polyoxides,black,,,unsupported,ValueError
141,[*]=Nc1ccc(/N=C(\c2ccccc2)c2ccc(C(=[*])c3ccccc3)cc2)cc1,*=Nc1ccc(/N=C(\c2ccccc2)c2ccc(C(=*)c3ccccc3)cc2)cc1,452.15,GREA,Polyimines,black,,,unsupported,ValueError
142,[*]=Nc1ccc(/N=C(\c2ccccc2)c2ccc(Oc3ccc(-c4ccc(Oc5ccc(C(=[*])c6ccccc6)cc5)cc4)cc3)cc2)cc1,*=Nc1ccc(/N=C(\c2ccccc2)c2ccc(Oc3ccc(-c4ccc(Oc5ccc(C(=*)c6ccccc6)cc5)cc4)cc3)cc2)cc1,468.15,GREA,Polyoxides,black,,,unsupported,ValueError
143,[*]=Nc1ccc(/N=C(\c2ccccc2)c2ccc(Oc3ccc(C(c4ccccc4)(c4ccccc4)c4ccc(Oc5ccc(C(=[*])c6ccccc6)cc5)cc4)cc3)cc2)cc1,*=Nc1ccc(/N=C(\c2ccccc2)c2ccc(Oc3ccc(C(c4ccccc4)(c4ccccc4)c4ccc(Oc5ccc(C(=*)c6ccccc6)cc5)cc4)cc3)cc2)cc1,471.15,GREA,Polyoxides,black,,,unsupported,ValueError
144,[*]=Nc1ccc(/N=C(\c2ccccc2)c2ccc(Oc3ccc(Oc4ccc(C(=[*])c5ccccc5)cc4)cc3)cc2)cc1,*=Nc1ccc(/N=C(\c2ccccc2)c2ccc(Oc3ccc(Oc4ccc(C(=*)c5ccccc5)cc4)cc3)cc2)cc1,449.15,GREA,Polyoxides,black,,,unsupported,ValueError
145,[*]=Nc1ccc(/N=C(\c2ccccc2)c2ccc(Oc3ccc4ccc(Oc5ccc(C(=[*])c6ccccc6)cc5)cc4c3)cc2)cc1,*=Nc1ccc(/N=C(\c2ccccc2)c2ccc(Oc3ccc4ccc(Oc5ccc(C(=*)c6ccccc6)cc5)cc4c3)cc2)cc1,444.15,GREA,Polyoxides,black,,,unsupported,ValueError
146,[*]=Nc1ccc(Cc2ccc(NC(=[*])C)cc2)cc1,*=Nc1ccc(Cc2ccc(NC(=*)C)cc2)cc1,415.15,GREA,Polyimines,black,,,unsupported,ValueError
147,[*]=Nc1ccc(Cc2ccc(NC(=[*])CC)cc2)cc1,*=Nc1ccc(Cc2ccc(NC(=*)CC)cc2)cc1,403.15,GREA,Polyimines,black,,,unsupported,ValueError
148,[*]=Nc1ccc(Cc2ccc(NC(=[*])CCC)cc2)cc1,*=Nc1ccc(Cc2ccc(NC(=*)CCC)cc2)cc1,383.15,GREA,Polyimines,black,,,unsupported,ValueError
149,[*]=Nc1ccc(Cc2ccc(NC(=[*])CCCC)cc2)cc1,*=Nc1ccc(Cc2ccc(NC(=*)CCCC)cc2)cc1,379.15,GREA,Polyimines,black,,,unsupported,ValueError
150,[*]=Nc1ccc(Cc2ccc(NC(=[*])c3ccccc3)cc2)cc1,*=Nc1ccc(Cc2ccc(NC(=*)c3ccccc3)cc2)cc1,431.15,GREA,Polyimines,black,,,unsupported,ValueError
151,[*]=Nc1ccc(N=C(C=CC(=[*])c2ccccc2)c2ccccc2)cc1,*=Nc1ccc(N=C(C=CC(=*)c2ccccc2)c2ccccc2)cc1,430.15,GREA,Polyimines,black,,,unsupported,ValueError
152,[*]=Nc1ccc(Oc2ccc(/N=C(\C)c3ccc(Oc4ccc(C(C)(C)c5ccc(Oc6ccc(C(=[*])C)cc6)cc5)cc4)cc3)cc2)cc1,*=Nc1ccc(Oc2ccc(/N=C(\C)c3ccc(Oc4ccc(C(C)(C)c5ccc(Oc6ccc(C(=*)C)cc6)cc5)cc4)cc3)cc2)cc1,414.15,GREA,Polyoxides,black,,,unsupported,ValueError
153,[*]=Nc1ccc(Oc2ccc(/N=C(\C)c3ccc(Oc4ccc(C(c5ccccc5)(c5ccccc5)c5ccc(Oc6ccc(C(=[*])C)cc6)cc5)cc4)cc3)cc2)cc1,*=Nc1ccc(Oc2ccc(/N=C(\C)c3ccc(Oc4ccc(C(c5ccccc5)(c5ccccc5)c5ccc(Oc6ccc(C(=*)C)cc6)cc5)cc4)cc3)cc2)cc1,423.15,GREA,Polyoxides,black,,,unsupported,ValueError
154,[*]=Nc1ccc(Oc2ccc(/N=C(\c3ccccc3)c3ccc(Oc4ccc(C(c5ccccc5)(c5ccccc5)c5ccc(Oc6ccc(C(=[*])c7ccccc7)cc6)cc5)cc4)cc3)cc2)cc1,*=Nc1ccc(Oc2ccc(/N=C(\c3ccccc3)c3ccc(Oc4ccc(C(c5ccccc5)(c5ccccc5)c5ccc(Oc6ccc(C(=*)c7ccccc7)cc6)cc5)cc4)cc3)cc2)cc1,450.15,GREA,Polyoxides,black,,,unsupported,ValueError
155,[*]=Nc1ccc(Oc2ccc(/N=C(\c3ccccc3)c3ccc(Oc4ccc5ccc(Oc6ccc(C(=[*])c7ccccc7)cc6)cc5c4)cc3)cc2)cc1,*=Nc1ccc(Oc2ccc(/N=C(\c3ccccc3)c3ccc(Oc4ccc5ccc(Oc6ccc(C(=*)c7ccccc7)cc6)cc5c4)cc3)cc2)cc1,438.15,GREA,Polyoxides,black,,,unsupported,ValueError
156,[*]=Nc1ccc(Oc2ccc(C(c3ccc(Oc4ccc(/N=C5/OC(=O)c6ccc(C(=O)c7ccc8c(c7)C(=[*])OC8=O)cc65)cc4)cc3)(C(F)(F)F)C(F)(F)F)cc2)cc1,*=Nc1ccc(Oc2ccc(C(c3ccc(Oc4ccc(/N=C5/OC(=O)c6ccc(C(=O)c7ccc8c(c7)C(=*)OC8=O)cc65)cc4)cc3)(C(F)(F)F)C(F)(F)F)cc2)cc1,521.15,GREA,Polyoxides,black,,,unsupported,ValueError
157,[*]=Nc1ccc(Oc2ccc(C(c3ccc(Oc4ccc(N=C5OC(=O)c6cc7c(cc65)C(=[*])OC7=O)cc4)cc3)(C(F)(F)F)C(F)(F)F)cc2)cc1,*=Nc1ccc(Oc2ccc(C(c3ccc(Oc4ccc(N=C5OC(=O)c6cc7c(cc65)C(=*)OC7=O)cc4)cc3)(C(F)(F)F)C(F)(F)F)cc2)cc1,560.15,GREA,Polyoxides,black,,,unsupported,ValueError
158,[*]=Nc1ccc(Oc2ccc(N=C(c3ccccc3)c3ccc(Oc4ccc(-c5ccc(Oc6ccc(C(=[*])c7ccccc7)cc6)cc5)cc4)cc3)cc2)cc1,*=Nc1ccc(Oc2ccc(N=C(c3ccccc3)c3ccc(Oc4ccc(-c5ccc(Oc6ccc(C(=*)c7ccccc7)cc6)cc5)cc4)cc3)cc2)cc1,447.15,GREA,Polyoxides,black,,,unsupported,ValueError
159,[*]=Nc1ccc(Oc2ccc(N=C(c3ccccc3)c3ccc(Oc4ccc(Oc5ccc(C(=[*])c6ccccc6)cc5)cc4)cc3)cc2)cc1,*=Nc1ccc(Oc2ccc(N=C(c3ccccc3)c3ccc(Oc4ccc(Oc5ccc(C(=*)c6ccccc6)cc5)cc4)cc3)cc2)cc1,435.15,GREA,Polyoxides,black,,,unsupported,ValueError
160,[*]=Nc1ccc(Oc2cccc(N=C3OC(=O)c4ccc(C(=O)c5ccc6c(c5)C(=[*])OC6=O)cc43)c2)cc1,*=Nc1ccc(Oc2cccc(N=C3OC(=O)c4ccc(C(=O)c5ccc6c(c5)C(=*)OC6=O)cc43)c2)cc1,526.15,GREA,Polyoxides,black,,,unsupported,ValueError
161,[*]=Nc1cccc(/N=C(/C=C/C(=[*])c2ccccc2)c2ccccc2)c1,*=Nc1cccc(/N=C(/C=C/C(=*)c2ccccc2)c2ccccc2)c1,451.15,GREA,Polyimines,black,,,unsupported,ValueError
162,[*]=Nc1cccc(/N=C(\c2ccccc2)c2ccc(C(=[*])c3ccccc3)cc2)c1,*=Nc1cccc(/N=C(\c2ccccc2)c2ccc(C(=*)c3ccccc3)cc2)c1,452.15,GREA,Polyimines,black,,,unsupported,ValueError
163,[*]=Nc1cccc(Oc2cccc(Oc3cccc(N=C4OC(=O)c5ccc(C(=O)c6ccc7c(c6)C(=[*])OC7=O)cc54)c3)c2)c1,*=Nc1cccc(Oc2cccc(Oc3cccc(N=C4OC(=O)c5ccc(C(=O)c6ccc7c(c6)C(=*)OC7=O)cc54)c3)c2)c1,463.15,GREA,Polyoxides,black,,,unsupported,ValueError
164,[*]=Nc1cccc(S(=O)(=O)c2cccc(/N=C3/OC(=O)c4ccc(Oc5ccc6c(c5)C(=O)OC6=[*])cc43)c2)c1,*=Nc1cccc(S(=O)(=O)c2cccc(/N=C3/OC(=O)c4ccc(Oc5ccc6c(c5)C(=O)OC6=*)cc43)c2)c1,463.15,GREA,Polyoxides,black,,,unsupported,ValueError
165,[*]C#CC#CC(C)OC(=O)c1ccc(C(=O)OC([*])C)cc1,*C#CC#CC(C)OC(=O)c1ccc(C(=O)OC(*)C)cc1,406.15,GREA,Polyesters,black,,,unsupported,ValueError
166,[*]C#CC#Cc1cc(C(C)(C)C)cc2c3cc(C(C)(C)C)cc([*])c3n(CCCCCCCCCCCCCCCC)c12,*C#CC#Cc1cc(C(C)(C)C)cc2c3cc(C(C)(C)C)cc(*)c3n(CCCCCCCCCCCCCCCC)c12,340.15,GREA,Polyimines,black,,,unsupported,ValueError
167,[*]C#C[Si](C)(C)C#C[Si](C)(C)C#C[Si](C)(C)O[Si](C)(C)C#C[Si](C)(C)C#C[Si](C)(C)C#C[Si]([*])(C)C,*C#C[Si](C)(C)C#C[Si](C)(C)C#C[Si](C)(C)O[Si](C)(C)C#C[Si](C)(C)C#C[Si](C)(C)C#C[Si](*)(C)C,260.55,GREA,Polysiloxanes,black,,,unsupported,ValueError
168,[*]C#C[Si](C)(C)C#C[Si](C)(C)C#C[Si](C)(C)O[Si](C)(C)C#C[Si](C)(C)C#C[Si]([*])(C)C,*C#C[Si](C)(C)C#C[Si](C)(C)C#C[Si](C)(C)O[Si](C)(C)C#C[Si](C)(C)C#C[Si](*)(C)C,257.05,GREA,Polysiloxanes,black,,,unsupported,ValueError
169,[*]C#C[Si](C)(C)C#C[Si](C)(C)O[Si](C)(C)C#C[Si](C)(C)C#C[Si]([*])(C)C,*C#C[Si](C)(C)C#C[Si](C)(C)O[Si](C)(C)C#C[Si](C)(C)C#C[Si](*)(C)C,250.15,GREA,Polysiloxanes,black,,,unsupported,ValueError
170,[*]C#Cc1cc(C(C)(C)C)cc2c3cc(C(C)(C)C)cc([*])c3n(CCCCCCCCCCCCCCCC)c12,*C#Cc1cc(C(C)(C)C)cc2c3cc(C(C)(C)C)cc(*)c3n(CCCCCCCCCCCCCCCC)c12,353.15,GREA,Polyimines,black,,,unsupported,ValueError
171,[*]C#Cc1ccc(-c2nnc(-c3ccc(C#Cc4cc(OCCCCCCCC)c([*])cc4OCCCCCCCC)cc3)o2)cc1,*C#Cc1ccc(-c2nnc(-c3ccc(C#Cc4cc(OCCCCCCCC)c(*)cc4OCCCCCCCC)cc3)o2)cc1,403.15,GREA,Polyoxides,black,,,unsupported,ValueError
172,[*]C#Cc1ccc(C#C[Si](C)(C)O[Si](C)(C)O[Si](C)(C)O[Si](C)(C)O[Si](C)(C)O[Si]([*])(C)C)cc1,*C#Cc1ccc(C#C[Si](C)(C)O[Si](C)(C)O[Si](C)(C)O[Si](C)(C)O[Si](C)(C)O[Si](*)(C)C)cc1,351.15,GREA,Polysiloxanes,black,,,unsupported,ValueError
173,[*]C#Cc1ccc(C#C[Si](C)(C)O[Si](C)(C)O[Si](C)(C)O[Si](C)(C)O[Si]([*])(C)C)cc1,*C#Cc1ccc(C#C[Si](C)(C)O[Si](C)(C)O[Si](C)(C)O[Si](C)(C)O[Si](*)(C)C)cc1,357.15,GREA,Polysiloxanes,black,,,unsupported,ValueError
174,[*]C#Cc1ccc(C#C[Si](C)(C)O[Si](C)(C)O[Si](C)(C)O[Si]([*])(C)C)cc1,*C#Cc1ccc(C#C[Si](C)(C)O[Si](C)(C)O[Si](C)(C)O[Si](*)(C)C)cc1,369.15,GREA,Polysiloxanes,black,,,unsupported,ValueError
175,[*]C#Cc1ccc(C#C[Si](C)(C)O[Si](C)(C)O[Si]([*])(C)C)cc1,*C#Cc1ccc(C#C[Si](C)(C)O[Si](C)(C)O[Si](*)(C)C)cc1,377.15,GREA,Polysiloxanes,black,,,unsupported,ValueError
176,[*]C#Cc1ccc(C#C[Si](C)(C)O[Si]([*])(C)C)cc1,*C#Cc1ccc(C#C[Si](C)(C)O[Si](*)(C)C)cc1,399.15,GREA,Polysiloxanes,black,,,unsupported,ValueError
177,[*]C#Cc1cccc(C#C[SiH]([*])C)c1,*C#Cc1cccc(C#C[SiH](*)C)c1,345.15,GREA,Polysiloxanes,black,,,unsupported,ValueError
178,[*]C#Cc1cccc(C#C[Si]([*])(C)C)c1,*C#Cc1cccc(C#C[Si](*)(C)C)c1,323.15,GREA,Polysiloxanes,black,,,unsupported,ValueError
179,[*]C(=C(Cl)Cl)c1ccc(OCOc2ccc([*])cc2)cc1,*C(=C(Cl)Cl)c1ccc(OCOc2ccc(*)cc2)cc1,381.15,GREA,Polyoxides,black,,,unsupported,ValueError
180,[*]C(=C)c1ccc(Oc2ccc(S(=O)(=O)c3ccc(Oc4ccc([*])cc4)cc3)cc2)cc1,*C(=C)c1ccc(Oc2ccc(S(=O)(=O)c3ccc(Oc4ccc(*)cc4)cc3)cc2)cc1,440.15,GREA,Polyoxides,black,,,unsupported,ValueError
181,[*]C(=Nc1ccccc1)c1ccc(-c2ccc([*])cc2)cc1,*C(=Nc1ccccc1)c1ccc(-c2ccc(*)cc2)cc1,498.15,GREA,Polyphenylenes,black,,,unsupported,ValueError
182,[*]C(=Nc1ccccc1)c1ccc(Oc2ccc(Oc3cccc(Oc4ccc(Oc5ccc([*])cc5)cc4)n3)cc2)cc1,*C(=Nc1ccccc1)c1ccc(Oc2ccc(Oc3cccc(Oc4ccc(Oc5ccc(*)cc5)cc4)n3)cc2)cc1,408.15,GREA,Polyoxides,black,,,unsupported,ValueError
183,[*]C(=O)C(F)(F)C(F)(F)C(F)(F)C(=O)N(CCCCCCN([*])CC(F)(F)C(F)(F)C(F)(F)C(F)(F)C(F)(F)C(F)(F)C(F)(F)F)CC(F)(F)C(F)(F)C(F)(F)C(F)(F)C(F)(F)C(F)(F)C(F)(F)F,*C(=O)C(F)(F)C(F)(F)C(F)(F)C(=O)N(CCCCCCN(*)CC(F)(F)C(F)(F)C(F)(F)C(F)(F)C(F)(F)C(F)(F)C(F)(F)F)CC(F)(F)C(F)(F)C(F)(F)C(F)(F)C(F)(F)C(F)(F)C(F)(F)F,460.65,GREA,Polyamides,black,,,unsupported,ValueError
184,[*]C(=O)C(F)(F)C(F)(F)C(F)(F)C(=O)N(CCCCCCN([*])CC(F)(F)C(F)(F)F)CC(F)(F)C(F)(F)F,*C(=O)C(F)(F)C(F)(F)C(F)(F)C(=O)N(CCCCCCN(*)CC(F)(F)C(F)(F)F)CC(F)(F)C(F)(F)F,447.15,GREA,Polyamides,black,,,unsupported,ValueError
185,[*]C(=O)C(F)(OC(F)(F)C(F)(F)S(=O)(=O)N([*])[Li])C(F)(F)F,*C(=O)C(F)(OC(F)(F)C(F)(F)S(=O)(=O)N(*)[Li])C(F)(F)F,340.15,GREA,Polyoxides,black,,,unsupported,ValueError
186,[*]C(=O)CCCCCCCCC(=O)N1CC(C)N([*])CC1C,*C(=O)CCCCCCCCC(=O)N1CC(C)N(*)CC1C,212.65,GREA,Polyamides,black,,,unsupported,ValueError
187,[*]C(=O)N(C(=O)c1ccc(OCCCCCCOc2ccc([*])cc2)cc1)c1ccc(Oc2ccccc2)cc1,*C(=O)N(C(=O)c1ccc(OCCCCCCOc2ccc(*)cc2)cc1)c1ccc(Oc2ccccc2)cc1,351.15,GREA,Polyimides,black,,,unsupported,ValueError
188,[*]C(=O)N(C(=O)c1ccc(OCCCCCCOc2ccc([*])cc2)cc1)c1cccc2ccccc12,*C(=O)N(C(=O)c1ccc(OCCCCCCOc2ccc(*)cc2)cc1)c1cccc2ccccc12,329.15,GREA,Polyimides,black,,,unsupported,ValueError
189,[*]C(=O)N(C(=O)c1ccc(OCCCCCCOc2ccc([*])cc2)cc1)c1ccccc1,*C(=O)N(C(=O)c1ccc(OCCCCCCOc2ccc(*)cc2)cc1)c1ccccc1,373.15,GREA,Polyimides,black,,,unsupported,ValueError
190,[*]C(=O)N(C(=O)c1ccc([*])cc1)c1ccccc1,*C(=O)N(C(=O)c1ccc(*)cc1)c1ccccc1,452.15,GREA,Polyimides,black,,,unsupported,ValueError
191,[*]C(=O)N(C(=O)c1ccc([*])cc1Sc1ccccc1)c1ccccc1,*C(=O)N(C(=O)c1ccc(*)cc1Sc1ccccc1)c1ccccc1,425.15,GREA,Polyimides,black,,,unsupported,ValueError
192,[*]C(=O)N(C(=O)c1cccc([*])c1)c1ccccc1,*C(=O)N(C(=O)c1cccc(*)c1)c1ccccc1,421.15,GREA,Polyimides,black,,,unsupported,ValueError
193,[*]C(=O)N1CCN(C(=O)c2cccc([*])c2)CC1,*C(=O)N1CCN(C(=O)c2cccc(*)c2)CC1,487.65,GREA,Polyamides,black,,,unsupported,ValueError
194,[*]C(=O)N1CCN(C(=O)c2ccccc2-c2ccccc2[*])CC1,*C(=O)N1CCN(C(=O)c2ccccc2-c2ccccc2*)CC1,466.15,GREA,Polyamides,black,,,unsupported,ValueError
195,[*]C(=O)NC(=O)Oc1ccc(C(C)(C)c2ccc(OC(=O)NC(=O)c3cc([*])cc(C(C)(C)C)c3)cc2)cc1,*C(=O)NC(=O)Oc1ccc(C(C)(C)c2ccc(OC(=O)NC(=O)c3cc(*)cc(C(C)(C)C)c3)cc2)cc1,396.65,GREA,Polyimides,black,,,unsupported,ValueError
196,[*]C(=O)NC(=O)Oc1ccc(Oc2ccc(OC(=O)NC(=O)c3cc([*])cc(C(C)(C)C)c3)cc2)cc1,*C(=O)NC(=O)Oc1ccc(Oc2ccc(OC(=O)NC(=O)c3cc(*)cc(C(C)(C)C)c3)cc2)cc1,387.65,GREA,Polyimides,black,,,unsupported,ValueError
197,[*]C(=O)NC1CC(C)(C)CC(C)(CNC(=O)c2cc([*])cc(NC(=O)C(C(C)CC)N3C(=O)c4ccccc4C3=O)c2)C1,*C(=O)NC1CC(C)(C)CC(C)(CNC(=O)c2cc(*)cc(NC(=O)C(C(C)CC)N3C(=O)c4ccccc4C3=O)c2)C1,401.15,GREA,Polyamides,black,,,unsupported,ValueError
198,[*]C(=O)NCC(C)(C)CNC(=O)c1c([*])ncn1C,*C(=O)NCC(C)(C)CNC(=O)c1c(*)ncn1C,425.15,GREA,Polyamides,black,,,unsupported,ValueError
199,[*]C(=O)NCC1CCC(CNC(=O)c2cc([*])cc(C(C)(C)C)c2)CC1,*C(=O)NCC1CCC(CNC(=O)c2cc(*)cc(C(C)(C)C)c2)CC1,509.15,GREA,Polyamides,black,,,unsupported,ValueError
292,[*]C(=O)OCC(COc1ccc(/N=N/c2ccc(C#N)cc2)cc1)OC(=O)c1cc(C)ccc1[*],*C(=O)OCC(COc1ccc(/N=N/c2ccc(C#N)cc2)cc1)OC(=O)c1cc(C)ccc1*,397.15,GREA,Polyesters,black,-0.9696969696969697,*CCCCCCCCOCOCCCCNCCCCCNNCCCCOCCCOO*,supported,
776,[*]C1C(=O)N(C(C)(C)C)C(=O)C1[*],*C1C(=O)N(C(C)(C)C)C(=O)C1*,468.15,GREA,Polyimides,black,-0.9090909090909091,*CCCCCNOCCCO*,supported,
777,[*]C1C(=O)N(C(C)CC)C(=O)C1[*],*C1C(=O)N(C(C)CC)C(=O)C1*,478.15,GREA,Polyimides,black,-0.9090909090909091,*CCCCCNOCCCO*,supported,
778,[*]C1C(=O)N(C2CCCCC2)C(=O)C1[*],*C1C(=O)N(C2CCCCC2)C(=O)C1*,505.15,GREA,Polyimides,black,-0.9230769230769231,*CCCCCCCNOCCCO*,supported,
779,[*]C1C(=O)N(CCCCCCCCOc2ccc(-c3ccc(C#N)cc3)cc2)C(=O)C1[*],*C1C(=O)N(CCCCCCCCOc2ccc(-c3ccc(C#N)cc3)cc2)C(=O)C1*,316.15,GREA,Polyimides,black,-0.9666666666666667,*CCCCCCCCCNCCCCCOCCCONCCCCCCCCO*,supported,
780,[*]C1C(=O)N(CCCCCCCOc2ccc(-c3ccc(C#N)cc3)cc2)C(=O)C1[*],*C1C(=O)N(CCCCCCCOc2ccc(-c3ccc(C#N)cc3)cc2)C(=O)C1*,334.15,GREA,Polyimides,black,-0.9655172413793104,*CCCCCCCCCNCCCCCOCCCONCCCCCCCO*,supported,
781,[*]C1C(=O)N(CCCCCCOc2ccc(-c3ccc(C#N)cc3)cc2)C(=O)C1[*],*C1C(=O)N(CCCCCCOc2ccc(-c3ccc(C#N)cc3)cc2)C(=O)C1*,349.15,GREA,Polyimides,black,-0.9642857142857143,*CCCCCCCCCNCCCCCOCCCONCCCCCCO*,supported,
782,[*]C1C(=O)N(CCCCCOc2ccc(-c3ccc(C#N)cc3)cc2)C(=O)C1[*],*C1C(=O)N(CCCCCOc2ccc(-c3ccc(C#N)cc3)cc2)C(=O)C1*,348.15,GREA,Polyimides,black,-0.9629629629629629,*CCCCCCCCCNCCCCCOCCCONCCCCCO*,supported,
783,[*]C1C(=O)N(CCCCOc2ccc(-c3ccc(C#N)cc3)cc2)C(=O)C1[*],*C1C(=O)N(CCCCOc2ccc(-c3ccc(C#N)cc3)cc2)C(=O)C1*,388.15,GREA,Polyimides,black,-0.9615384615384616,*CCCCCCCCCNCCCCCOCCCONCCCCO*,supported,
784,[*]C1C(=O)N(CCCOc2ccc(-c3ccc(C#N)cc3)cc2)C(=O)C1[*],*C1C(=O)N(CCCOc2ccc(-c3ccc(C#N)cc3)cc2)C(=O)C1*,403.15,GREA,Polyimides,black,-0.96,*CCCCCCCCCNCCCCCOCCCONCCCO*,supported,
785,[*]C1C(=O)N(CCOc2ccc(-c3ccc(C#N)cc3)cc2)C(=O)C1[*],*C1C(=O)N(CCOc2ccc(-c3ccc(C#N)cc3)cc2)C(=O)C1*,423.15,GREA,Polyimides,black,-0.9583333333333334,*CCCCCCCCCNCCCCCOCCCONCCO*,supported,
786,[*]C1C(=O)N(c2c(CC)cccc2CC)C(=O)C1[*],*C1C(=O)N(c2c(CC)cccc2CC)C(=O)C1*,561.15,GREA,Polyimides,black,-0.9411764705882353,*CCCCCCCCCCCNOCCCO*,supported,
787,[*]C1C(=O)N(c2cc(Br)c(O[Si](C)(C)C(C)(C)C)c(Br)c2)C(=O)C1[*],*C1C(=O)N(c2cc(Br)c(O[Si](C)(C)C(C)(C)C)c(Br)c2)C(=O)C1*,437.15,GREA,Polyimides,black,-0.9565217391304348,*BrCCCCCCCSiOCBrCCCNOCCCOCC*,supported,
788,[*]C1C(=O)N(c2cc(Br)c(O[Si](C)(C)C)c(Br)c2)C(=O)C1[*],*C1C(=O)N(c2cc(Br)c(O[Si](C)(C)C)c(Br)c2)C(=O)C1*,440.15,GREA,Polyimides,black,-0.95,*BrCCCCSiOCBrCCCNOCCCOCC*,supported,
789,[*]C1C(=O)N(c2cc(Br)c(O[Si](CC)(CC)CC)c(Br)c2)C(=O)C1[*],*C1C(=O)N(c2cc(Br)c(O[Si](CC)(CC)CC)c(Br)c2)C(=O)C1*,433.15,GREA,Polyimides,black,-0.9565217391304348,*BrCCCCCCCSiOCBrCCCNOCCCOCC*,supported,
790,[*]C1C(=O)N(c2cc(Br)c(O[Si](c3ccccc3)(c3ccccc3)c3ccccc3)c(Br)c2)C(=O)C1[*],*C1C(=O)N(c2cc(Br)c(O[Si](c3ccccc3)(c3ccccc3)c3ccccc3)c(Br)c2)C(=O)C1*,452.15,GREA,Polyimides,black,-0.9714285714285714,*BrCCCCCCCCCCCCCCCCCCCSiOCBrCCCNOCCCOCC*,supported,
791,[*]C1C(=O)N(c2ccc(O[Si](C)(C)C(C)(C)C)cc2)C(=O)C1[*],*C1C(=O)N(c2ccc(O[Si](C)(C)C(C)(C)C)cc2)C(=O)C1*,442.15,GREA,Polyimides,black,-0.9523809523809523,*CCCCCCCCCOCCCONCCCCOSi*,supported,
792,[*]C1C(=O)N(c2ccc(O[Si](C)(C)C)cc2)C(=O)C1[*],*C1C(=O)N(c2ccc(O[Si](C)(C)C)cc2)C(=O)C1*,445.15,GREA,Polyimides,black,-0.9444444444444444,*CCCCCCOCCCONCCCCOSi*,supported,
793,[*]C1C(=O)N(c2ccc(O[Si](CC)(CC)CC)cc2)C(=O)C1[*],*C1C(=O)N(c2ccc(O[Si](CC)(CC)CC)cc2)C(=O)C1*,438.15,GREA,Polyimides,black,-0.9523809523809523,*CCCCCCCCCOCCCONCCCCOSi*,supported,
794,[*]C1C(=O)N(c2ccc(O[Si](c3ccccc3)(c3ccccc3)c3ccccc3)cc2)C(=O)C1[*],*C1C(=O)N(c2ccc(O[Si](c3ccccc3)(c3ccccc3)c3ccccc3)cc2)C(=O)C1*,456.15,GREA,Polyimides,black,-0.9696969696969697,*CCCCCCCCCCCCCCCCCCCCCOCCCONCCCCOSi*,supported,
795,[*]C1C(=O)N(c2ccccc2C(=O)OC)C(=O)C1[*],*C1C(=O)N(c2ccccc2C(=O)OC)C(=O)C1*,532.15,GREA,Polyimides,black,-0.9411764705882353,*CCCCCCCNOCCCOCCOO*,supported,
796,[*]C1C(=O)N(c2ccccc2C(=O)OCC)C(=O)C1[*],*C1C(=O)N(c2ccccc2C(=O)OCC)C(=O)C1*,503.15,GREA,Polyimides,black,-0.9444444444444444,*CCCCCCCNOCCCOCCCOO*,supported,
797,[*]C1C(=O)N(c2ccccc2C(=O)OCCCC)C(=O)C1[*],*C1C(=O)N(c2ccccc2C(=O)OCCCC)C(=O)C1*,454.15,GREA,Polyimides,black,-0.95,*CCCCCCCNOCCCOCCCCCOO*,supported,
798,[*]C1C(=O)N(c2ccccc2C)C(=O)C1[*],*C1C(=O)N(c2ccccc2C)C(=O)C1*,608.15,GREA,Polyimides,black,-0.9285714285714286,*CCCCCCCCNOCCCO*,supported,
799,[*]C1C(=O)OC(=O)C1C1C2CC(C(=O)OC(C)CC)C(C2)C1[*],*C1C(=O)OC(=O)C1C1C2CC(C(=O)OC(C)CC)C(C2)C1*,448.15,GREA,Polyanhydrides,black,-0.9523809523809523,*CCCCCCCCCOOCCCCCCOCOO*,supported,
800,[*]C1C(=O)OC(=O)C1C1C2CC(C(=O)OC3CCCCC3)C(C2)C1[*],*C1C(=O)OC(=O)C1C1C2CC(C(=O)OC3CCCCC3)C(C2)C1*,468.15,GREA,Polyanhydrides,black,-0.9565217391304348,*CCCCCCCCCCCOOCCCCCCOCOO*,supported,
801,[*]C1C(=O)OC(=O)C1C1C2CC(C(=O)OCCOCC)C(C2)C1[*],*C1C(=O)OC(=O)C1C1C2CC(C(=O)OCCOCC)C(C2)C1*,428.15,GREA,Polyanhydrides,black,-0.9545454545454546,*CCCCCCCOCCOOCCCCCCOCOO*,supported,
802,[*]C1C(=O)OC(=O)C1C1C2CC(COCCC)C(C2)C1[*],*C1C(=O)OC(=O)C1C1C2CC(COCCC)C(C2)C1*,482.15,GREA,Polyanhydrides,black,-0.9473684210526315,*CCCCCCCCOCCCCCCOCOO*,supported,
812,[*]C1C2C/C(=C\C)C(C2)C1[*],*C1C2C/C(=C\C)C(C2)C1*,334.55,GREA,Polydienes,black,-0.5,*CC*,supported,
813,[*]C1C2CC(C(=O)OCCc3ccc(N(c4ccccc4)c4cccc(C)c4)cc3)C(C2)C1[*],*C1C2CC(C(=O)OCCc3ccc(N(c4ccccc4)c4cccc(C)c4)cc3)C(C2)C1*,578.15,GREA,Polyacrylics,black,-0.96875,*CCCCCCCCCCCCCCCCCCCCCCCNCCCCCCOO*,supported,
814,[*]C1C2CC(C(=O)OCCc3ccc(N(c4ccccc4)c4cccc5ccccc45)cc3)C(C2)C1[*],*C1C2CC(C(=O)OCCc3ccc(N(c4ccccc4)c4cccc5ccccc45)cc3)C(C2)C1*,606.15,GREA,Polyacrylics,black,-0.9714285714285714,*CCCCCCCCCCCCCCCCCCCCCCCCCCNCCCCCCOO*,supported,
815,[*]C1C2CC(C(=O)OCCc3ccc(N(c4ccccc4)c4ccccc4)cc3)C(C2)C1[*],*C1C2CC(C(=O)OCCc3ccc(N(c4ccccc4)c4ccccc4)cc3)C(C2)C1*,580.15,GREA,Polyacrylics,black,-0.967741935483871,*CCCCCCCCCCCCCCCCCCCCCCNCCCCCCOO*,supported,
816,[*]C1C2CC(C)C(C2)C1[*],*C1C2CC(C)C(C2)C1*,623.15,GREA,Polyolefins,black,-0.5,*CC*,supported,
818,[*]C1C2CC(CCCCCCCCC(=O)OCC)C(C2)C1[*],*C1C2CC(CCCCCCCCC(=O)OCC)C(C2)C1*,407.15,GREA,Polyvinyls,black,-0.95,*CCCCCCCCCCCCCCCCCCOO*,supported,
819,[*]C1C2CC(CCCCc3ccccc3)C(C2)C1[*],*C1C2CC(CCCCc3ccccc3)C(C2)C1*,421.15,GREA,Polyvinyls,black,-0.5,*CC*,supported,
821,[*]C1C2CCC(C2)C1[*],*C1C2CCC(C2)C1*,513.15,GREA,Polyolefins,black,-0.5,*CC*,supported,
844,[*]C1CCOC1[*],*C1CCOC1*,404.15,GREA,Polyoxides,black,-0.8,*CCCCO*,supported,
845,[*]C1Cc2ccccc2C1[*],*C1Cc2ccccc2C1*,461.65,GREA,Polydienes,black,-0.5,*CC*,supported,
847,[*]C1OCCCC1C1C(=O)OC(=O)C1[*],*C1OCCCC1C1C(=O)OC(=O)C1*,483.15,GREA,Polyoxides,black,-0.9230769230769231,*CCCCCCOCCOCOO*,supported,
849,[*]C1Oc2ccccc2C1[*],*C1Oc2ccccc2C1*,338.35,GREA,Polyoxides,black,-0.8888888888888888,*CCCCCCCCO*,supported,
850,[*]C1c2cccc3cccc(c23)C1[*],*C1c2cccc3cccc(c23)C1*,523.15,GREA,Polydienes,black,-0.5,*CC*,supported,
1077,[*]CC(=O)O[*],*CC(=O)O*,318.15,GREA,Polyesters,black,-0.75,*CCOO*,supported,
1084,[*]CC(C)(C)C1C(=O)N(C(C)C)C(=O)C1[*],*CC(C)(C)C1C(=O)N(C(C)C)C(=O)C1*,418.15,GREA,Polyimides,black,-0.9285714285714286,*CCCCCCCOCCCCNO*,supported,
1085,[*]CC(C)(C)C1C(=O)N(C)C(=O)C1[*],*CC(C)(C)C1C(=O)N(C)C(=O)C1*,429.65,GREA,Polyimides,black,-0.9166666666666666,*CCCCCCCOCCNO*,supported,
1086,[*]CC(C)(C)C1C(=O)N(CCCC)C(=O)C1[*],*CC(C)(C)C1C(=O)N(CCCC)C(=O)C1*,353.15,GREA,Polyimides,black,-0.9333333333333333,*CCCCCCCOCCCCCNO*,supported,
1087,[*]CC(C)(C)C1C(=O)N(c2c(C)cccc2C)C(=O)C1[*],*CC(C)(C)C1C(=O)N(c2c(C)cccc2C)C(=O)C1*,510.15,GREA,Polyimides,black,-0.9473684210526315,*CCCCCCCCCNOCCCCCCCO*,supported,
1088,[*]CC(C)(C)C1C(=O)N(c2c(CC)cccc2CC)C(=O)C1[*],*CC(C)(C)C1C(=O)N(c2c(CC)cccc2CC)C(=O)C1*,483.15,GREA,Polyimides,black,-0.9523809523809523,*CCCCCCCCCCCNOCCCCCCCO*,supported,
1089,[*]CC(C)(C)C1C(=O)N(c2ccccc2C)C(=O)C1[*],*CC(C)(C)C1C(=O)N(c2ccccc2C)C(=O)C1*,480.15,GREA,Polyimides,black,-0.9444444444444444,*CCCCCCCCNOCCCCCCCO*,supported,
1091,[*]CC(C)(C)O[*],*CC(C)(C)O*,313.65,GREA,Polyoxides,black,-0.8,*CCCCO*,supported,
1092,[*]CC(C)(C)S[*],*CC(C)(C)S*,259.15,GREA,Polysulfides,black,-0.8,*CCCCS*,supported,
1096,[*]CC(CBr)O[*],*CC(CBr)O*,259.15,GREA,Polyoxides,black,-0.8,*BrCCCO*,supported,
1098,[*]CC(CC(Cl)(Cl)Cl)O[*],*CC(CC(Cl)(Cl)Cl)O*,237.15,GREA,Polyoxides,black,-0.875,*ClClClCCCCO*,supported,
1105,[*]CC(CC)O[*],*CC(CC)O*,201.65,GREA,Polyoxides,black,-0.8,*CCCCO*,supported,
1106,[*]CC(CC)S[*],*CC(CC)S*,226.15,GREA,Polysulfides,black,-0.8,*CCCCS*,supported,
1107,[*]CC(CCCC)O[*],*CC(CCCC)O*,204.15,GREA,Polyoxides,black,-0.8571428571428571,*CCCCCCO*,supported,
1108,[*]CC(CCCCCC)O[*],*CC(CCCCCC)O*,206.15,GREA,Polyoxides,black,-0.8888888888888888,*CCCCCCCCO*,supported,
1109,[*]CC(CCCCCCCCCC)O[*],*CC(CCCCCCCCCC)O*,232.15,GREA,Polyoxides,black,-0.9230769230769231,*CCCCCCCCCCCCO*,supported,
1112,[*]CC(CN1C(=O)C2C3C=CC(C3)C2C1=O)O[*],*CC(CN1C(=O)C2C3C=CC(C3)C2C1=O)O*,360.65,GREA,Polyoxides,black,-0.9375,*CCCCCCCCOCNCCCOO*,supported,
1113,[*]CC(COC(=O)CCCCCCCCCCN1C(=O)C2C3C=CC(C3)C2C1=O)O[*],*CC(COC(=O)CCCCCCCCCCN1C(=O)C2C3C=CC(C3)C2C1=O)O*,242.15,GREA,Polyoxides,black,-0.9655172413793104,*CCCCCCCCCCNCOCCCCCCCCOOCCCOCO*,supported,
1114,[*]CC(COC(=O)CCCCCN1C(=O)C2C3C=CC(C3)C2C1=O)O[*],*CC(COC(=O)CCCCCN1C(=O)C2C3C=CC(C3)C2C1=O)O*,274.15,GREA,Polyoxides,black,-0.9583333333333334,*CCCCCCCCOCNCCCCCOCOCCCOO*,supported,
1115,[*]CC(COC(=O)c1ccc(N2C(=O)C3C4C=CC(C4)C3C2=O)cc1)O[*],*CC(COC(=O)c1ccc(N2C(=O)C3C4C=CC(C4)C3C2=O)cc1)O*,335.65,GREA,Polyoxides,black,-0.96,*CCCCCCCCOCCOCCCOCOCCCCNCO*,supported,
1116,[*]CC(COC(C)(C)C)O[*],*CC(COC(C)(C)C)O*,249.15,GREA,Polyoxides,black,-0.8888888888888888,*CCCCOCCCO*,supported,
1117,[*]CC(COC(C)C)O[*],*CC(COC(C)C)O*,206.15,GREA,Polyoxides,black,-0.75,*CCCO*,supported,
1118,[*]CC(COC(F)(C(F)(F)F)C(F)(F)F)O[*],*CC(COC(F)(C(F)(F)F)C(F)(F)F)O*,230.15,GREA,Polyoxides,black,-0.9333333333333333,*CCCOCFCFFFCFFFO*,supported,
1119,[*]CC(COCC)O[*],*CC(COCC)O*,212.15,GREA,Polyoxides,black,-0.8571428571428571,*CCCOCCO*,supported,
1120,[*]CC(COCC=C)S[*],*CC(COCC=C)S*,214.15,GREA,Polysulfides,black,-0.875,*CCCOCCCS*,supported,
1121,[*]CC(COCCCC)O[*],*CC(COCCCC)O*,194.15,GREA,Polyoxides,black,-0.8888888888888888,*CCCCOCCCO*,supported,
1122,[*]CC(COCCCCCC)O[*],*CC(COCCCCCC)O*,187.65,GREA,Polyoxides,black,-0.9090909090909091,*CCCCCCOCCCO*,supported,
1123,[*]CC(COCCOCCOC)O[*],*CC(COCCOCCOC)O*,216.15,GREA,Polyoxides,black,-0.9166666666666666,*CCCOCCOCCOCO*,supported,
1124,[*]CC(COCOCC(C)([N+](=O)[O-])[N+](=O)[O-])O[*],*CC(COCOCC(C)([N+](=O)[O-])[N+](=O)[O-])O*,258.15,GREA,Polyoxides,black,-0.9375,*CCCNOONOOOCCCOCO*,supported,
1125,[*]CC(COc1ccc(-c2ccc(C#N)cc2)cc1)O[*],*CC(COc1ccc(-c2ccc(C#N)cc2)cc1)O*,367.3,GREA,Polyoxides,black,-0.9473684210526315,*CCCCCCCCCNCCCCOCCCO*,supported,
1126,[*]CC(COc1ccc(-c2ccc(OC)cc2)cc1)O[*],*CC(COc1ccc(-c2ccc(OC)cc2)cc1)O*,384.15,GREA,Polyoxides,black,-0.9473684210526315,*CCCCCCCCOCCCCCOCCCO*,supported,
1128,[*]CC(COc1ccccc1)O[*],*CC(COc1ccccc1)O*,315.15,GREA,Polyoxides,black,-0.9090909090909091,*CCCCCCOCCCO*,supported,
1129,[*]CC(CS(=O)(=O)C(C)C)O[*],*CC(CS(=O)(=O)C(C)C)O*,337.15,GREA,Polyoxides,black,-0.9,*CCCOCCCOOS*,supported,
1130,[*]CC(CS(=O)(=O)CC)O[*],*CC(CS(=O)(=O)CC)O*,330.15,GREA,Polyoxides,black,-0.8888888888888888,*CCCOCCOOS*,supported,
1131,[*]CC(CS(=O)(=O)CCC)O[*],*CC(CS(=O)(=O)CCC)O*,316.15,GREA,Polyoxides,black,-0.9,*CCCOCCCOOS*,supported,
1132,[*]CC(CS(=O)(=O)CCCC)O[*],*CC(CS(=O)(=O)CCCC)O*,310.15,GREA,Polyoxides,black,-0.9090909090909091,*CCCCOCCCSOO*,supported,
1133,[*]CC(CS(=O)(=O)CCCCC)O[*],*CC(CS(=O)(=O)CCCCC)O*,312.15,GREA,Polyoxides,black,-0.9166666666666666,*CCCCCOCCCSOO*,supported,
1134,[*]CC(CS(C)(=O)=O)O[*],*CC(CS(C)(=O)=O)O*,358.15,GREA,Polyoxides,black,-0.875,*CCCOOOCS*,supported,
1135,[*]CC(CSC(C)C)O[*],*CC(CSC(C)C)O*,229.15,GREA,Polyoxides,black,-0.875,*CCCOCCCS*,supported,
1136,[*]CC(CSC)O[*],*CC(CSC)O*,236.15,GREA,Polyoxides,black,-0.8333333333333334,*CCCOCS*,supported,
1137,[*]CC(CSCC)O[*],*CC(CSCC)O*,216.15,GREA,Polyoxides,black,-0.8571428571428571,*CCCOCCS*,supported,
1138,[*]CC(CSCCC)O[*],*CC(CSCCC)O*,212.15,GREA,Polyoxides,black,-0.875,*CCCOCCCS*,supported,
1139,[*]CC(CSCCCC)O[*],*CC(CSCCCC)O*,208.15,GREA,Polyoxides,black,-0.8888888888888888,*CCCCOCCCS*,supported,
1140,[*]CC(CSCCCCC)O[*],*CC(CSCCCCC)O*,205.15,GREA,Polyoxides,black,-0.9,*CCCCCOCCCS*,supported,
1141,[*]CC(C[N-][N+]#N)O[*],*CC(C[N-][N+]#N)O*,238.15,GREA,Polyoxides,black,-0.8571428571428571,*CCCNNNO*,supported,
1147,[*]CC(F)(F)C1(F)CC(C(O)(C(F)(F)F)C(F)(F)F)CC1[*],*CC(F)(F)C1(F)CC(C(O)(C(F)(F)F)C(F)(F)F)CC1*,391.15,GREA,Polyhalo-olefins,black,-0.95,*CCCCFFCFCCCOCFFFCFFF*,supported,
1148,[*]CC(F)(F)C1(F)CC(CC(O)(C(F)(F)F)C(F)(F)F)CC1[*],*CC(F)(F)C1(F)CC(CC(O)(C(F)(F)F)C(F)(F)F)CC1*,371.15,GREA,Polyhalo-olefins,black,-0.9523809523809523,*CCCCFCFFCCCCFFFCFFFCO*,supported,
2058,[*]CC(c1ccccc1)C1C(=O)N(C(C)(C)C)C(=O)C1[*],*CC(c1ccccc1)C1C(=O)N(C(C)(C)C)C(=O)C1*,451.15,GREA,Polyimides,black,-0.9473684210526315,*CCCCCCCCCCCOCCCCCNO*,supported,
2059,[*]CC(c1ccccc1)C1C(=O)N(C)C(=O)C1[*],*CC(c1ccccc1)C1C(=O)N(C)C(=O)C1*,478.15,GREA,Polyimides,black,-0.9375,*CCCCCCCCCCCOCCNO*,supported,
2060,[*]CC(c1ccccc1)C1C(=O)N(CCCCCCCCCCCC)C(=O)C1[*],*CC(c1ccccc1)C1C(=O)N(CCCCCCCCCCCC)C(=O)C1*,343.15,GREA,Polyimides,black,-0.9629629629629629,*CCCCCCCCCCCCCNOCCCCCCCCCCCO*,supported,
2061,[*]CC(c1ccccc1)C1C(=O)N(CCCCNC(=O)C(F)(F)C(F)(F)C(F)(F)C(F)(F)C(F)(F)C(F)(F)C(F)(F)F)C(=O)C1[*],*CC(c1ccccc1)C1C(=O)N(CCCCNC(=O)C(F)(F)C(F)(F)C(F)(F)C(F)(F)C(F)(F)C(F)(F)C(F)(F)F)C(=O)C1*,386.15,GREA,Polyimides,black,-0.9772727272727273,*CCCCCCCCCCCOCFFFCFFCFFCFFCFFCFFCFFCOCNCCCCNO*,supported,
2062,[*]CC(c1ccccc1)C1C(=O)N(CCCN(CC)c2ccc(/N=N/c3ccc([N+](=O)[O-])cc3)c(C)c2)C(=O)C1[*],*CC(c1ccccc1)C1C(=O)N(CCCN(CC)c2ccc(/N=N/c3ccc([N+](=O)[O-])cc3)c(C)c2)C(=O)C1*,410.15,GREA,Polyimides,black,-0.9743589743589743,*CCCCCCCCCCCOCCCCCCOONCCCCNNCCCCCCNCCCNO*,supported,
2063,[*]CC(c1ccccc1)C1C(=O)N(CCCN(CC)c2ccc(/N=N/c3ccc([N+](=O)[O-])cc3Cl)c(C)c2)C(=O)C1[*],*CC(c1ccccc1)C1C(=O)N(CCCN(CC)c2ccc(/N=N/c3ccc([N+](=O)[O-])cc3Cl)c(C)c2)C(=O)C1*,422.15,GREA,Polyimides,black,-0.975,*ClCCCCOCCCCCCCCCCCONCCCNCCCCCCNNCCCCNOOCC*,supported,
2064,[*]CC(c1ccccc1)C1C(=O)N(CCCOc2ccc(-c3ccc(C#N)cc3)cc2)C(=O)C1[*],*CC(c1ccccc1)C1C(=O)N(CCCOc2ccc(-c3ccc(C#N)cc3)cc2)C(=O)C1*,403.15,GREA,Polyimides,black,-0.9696969696969697,*CCCCCCCCCCCOCCCCCNCCCCCCCCCOCCCNO*,supported,
2065,[*]CC(c1ccccc1)C1C(=O)N(CCN(CC)c2ccc(/N=N/c3ccc([N+](=O)[O-])cc3)cc2)C(=O)C1[*],*CC(c1ccccc1)C1C(=O)N(CCN(CC)c2ccc(/N=N/c3ccc([N+](=O)[O-])cc3)cc2)C(=O)C1*,445.15,GREA,Polyimides,black,-0.972972972972973,*CCCCCCCCCCCOCCCCCOONCCCCNNCCCCCCNCCNO*,supported,
2066,[*]CC(c1ccccc1)C1C(=O)N(c2ccc(C(C)(C)C)cc2)C(=O)C1[*],*CC(c1ccccc1)C1C(=O)N(c2ccc(C(C)(C)C)cc2)C(=O)C1*,510.15,GREA,Polyimides,black,-0.96,*CCCCCCCCCCCNOCCCCCCCCCCCO*,supported,
2067,[*]CC(c1ccccc1)C1C(=O)N(c2ccc(NC(=O)OCC3CCCN3c3ccc([N+](=O)[O-])cc3)cc2)C(=O)C1[*],*CC(c1ccccc1)C1C(=O)N(c2ccc(NC(=O)OCC3CCCN3c3ccc([N+](=O)[O-])cc3)cc2)C(=O)C1*,481.15,GREA,Polyimides,black,-0.975,*CCCCCCCCCCCOCCCCCOONCCCCNCCCCCOOCNCCCCNO*,supported,
2068,[*]CC(c1ccccc1)C1C(=O)N(c2ccc(Oc3ccccc3)cc2)C(=O)C1[*],*CC(c1ccccc1)C1C(=O)N(c2ccc(Oc3ccccc3)cc2)C(=O)C1*,467.15,GREA,Polyimides,black,-0.9642857142857143,*CCCCCCCCCCCOCCCCCCCCCOCCCCNO*,supported,
2069,[*]CC(c1ccccc1)C1C(=O)N(c2ccccc2)C(=O)C1[*],*CC(c1ccccc1)C1C(=O)N(c2ccccc2)C(=O)C1*,494.15,GREA,Polyimides,black,-0.9523809523809523,*CCCCCCCCCCCOCCCCCCCNO*,supported,
2172,[*]CCC1C(=O)N(C)C(=O)C1[*],*CCC1C(=O)N(C)C(=O)C1*,414.35,GREA,Polyimides,black,-0.9,*CCCCCOCCNO*,supported,
2173,[*]CCC1C(=O)N(CC)C(=O)C1[*],*CCC1C(=O)N(CC)C(=O)C1*,382.35,GREA,Polyimides,black,-0.9090909090909091,*CCCCCOCCCNO*,supported,
2174,[*]CCC1C(=O)N(CCC)C(=O)C1[*],*CCC1C(=O)N(CCC)C(=O)C1*,363.55,GREA,Polyimides,black,-0.9166666666666666,*CCCCCOCCCCNO*,supported,
2175,[*]CCC1C(=O)N(CCCC)C(=O)C1[*],*CCC1C(=O)N(CCCC)C(=O)C1*,341.05,GREA,Polyimides,black,-0.9230769230769231,*CCCCCNOCCCCCO*,supported,
2176,[*]CCC1C(=O)N(CCCCCC)C(=O)C1[*],*CCC1C(=O)N(CCCCCC)C(=O)C1*,314.65,GREA,Polyimides,black,-0.9333333333333333,*CCCCCCCNOCCCCCO*,supported,
2177,[*]CCC1C(=O)N(CCCCCCCCCCCC)C(=O)C1[*],*CCC1C(=O)N(CCCCCCCCCCCC)C(=O)C1*,328.55,GREA,Polyimides,black,-0.9523809523809523,*CCCCCCCCCCCCCNOCCCCCO*,supported,
2178,[*]CCC1C(=O)N(CCCCCCCCCCCCCC)C(=O)C1[*],*CCC1C(=O)N(CCCCCCCCCCCCCC)C(=O)C1*,335.55,GREA,Polyimides,black,-0.9565217391304348,*CCCCCCCCCCCCCCCNOCCCCCO*,supported,
2179,[*]CCC1C(=O)N(CCCCCCCCCCCCCCCC)C(=O)C1[*],*CCC1C(=O)N(CCCCCCCCCCCCCCCC)C(=O)C1*,338.75,GREA,Polyimides,black,-0.96,*CCCCCCCCCCCCCCCCCNOCCCCCO*,supported,
2180,[*]CCC1C(=O)N(CCCCCCCCCCCCCCCCCC)C(=O)C1[*],*CCC1C(=O)N(CCCCCCCCCCCCCCCCCC)C(=O)C1*,340.25,GREA,Polyimides,black,-0.9629629629629629,*CCCCCCCCCCCCCCCCCCCNOCCCCCO*,supported,
2181,[*]CCC1C(=O)N(CCCCNC(=O)C(F)(F)C(F)(F)C(F)(F)C(F)(F)C(F)(F)C(F)(F)C(F)(F)F)C(=O)C1[*],*CCC1C(=O)N(CCCCNC(=O)C(F)(F)C(F)(F)C(F)(F)C(F)(F)C(F)(F)C(F)(F)C(F)(F)F)C(=O)C1*,373.15,GREA,Polyimides,black,-0.9736842105263158,*CCCCCOCFFFCFFCFFCFFCFFCFFCFFCOCNCCCCNO*,supported,
2182,[*]CCC1C(=O)N(c2ccc(N(C)C)cc2)C(=O)C1[*],*CCC1C(=O)N(c2ccc(N(C)C)cc2)C(=O)C1*,468.15,GREA,Polyimides,black,-0.9444444444444444,*CCCCCNCCCCNOCCCCCO*,supported,
2183,[*]CCC1CC(OC(=O)CCCCCCCCCCOc2ccc(-c3ccc(C#N)cc3)cc2)CC1[*],*CCC1CC(OC(=O)CCCCCCCCCCOc2ccc(-c3ccc(C#N)cc3)cc2)CC1*,297.15,GREA,Polyvinyls,black,-0.9714285714285714,*CCCCCCCCCCCNCCCCCCCCCOCCCCCCCCCCOCO*,supported,
2189,[*]CCC1C[N+](C)(C)CC1[*],*CCC1C[N+](C)(C)CC1*,266.45,GREA,Polyimines,black,-0.8888888888888888,*CCCCCCCCN*,supported,
2520,[*]CCCCCSSCCCCC[*],*CCCCCSSCCCCC*,208.15,GREA,Polysulfides,black,-0.9166666666666666,*CCCCCCCCCCSS*,supported,
2521,[*]CCCCCSSSCCCCC[*],*CCCCCSSSCCCCC*,203.15,GREA,Polysulfides,black,-0.9230769230769231,*CCCCCCCCCCSSS*,supported,
2522,[*]CCCCCSSSSCCCCC[*],*CCCCCSSSSCCCCC*,197.15,GREA,Polysulfides,black,-0.9285714285714286,*CCCCCCCCCCSSSS*,supported,
2579,[*]CCCOCOCC[*],*CCCOCOCC*,193.15,GREA,Polyoxides,black,-0.875,*CCCCCOCO*,supported,
2581,[*]CCCSSCCC[*],*CCCSSCCC*,199.15,GREA,Polysulfides,black,-0.875,*CCCCCCSS*,supported,
2582,[*]CCCSSCC[*],*CCCSSCC*,201.15,GREA,Polysulfides,black,-0.8571428571428571,*CCCCCSS*,supported,
2692,[*]CCOCCCCSSCC[*],*CCOCCCCSSCC*,197.15,GREA,Polyoxides,black,-0.9090909090909091,*CCCCOCCCCSS*,supported,
2694,[*]CCOCOCCCCSSCC[*],*CCOCOCCCCSSCC*,197.15,GREA,Polyoxides,black,-0.9230769230769231,*CCCCOCOCCCCSS*,supported,
2695,[*]CCOCOCC[*],*CCOCOCC*,189.15,GREA,Polyoxides,black,-0.8571428571428571,*CCCCOCO*,supported,
2714,[*]CCSC[*],*CCSC*,219.65,GREA,Polysulfides,black,-0.75,*CCCS*,supported,
2716,[*]CCSSCC[*],*CCSSCC*,218.15,GREA,Polysulfides,black,-0.8333333333333334,*CCCCSS*,supported,
2847,[*]COC(=O)OCC1OC(C)(C)OC1[*],*COC(=O)OCC1OC(C)(C)OC1*,324.45,GREA,Polyoxides,black,-0.9230769230769231,*CCCOCCOCOOCCO*,supported,
2848,[*]COC(=O)OCC1OC(OCC)(OCC)OC1[*],*COC(=O)OCC1OC(OCC)(OCC)OC1*,283.95,GREA,Polyoxides,black,-0.9411764705882353,*CCOCCOCCOCOCCOOCO*,supported,
2849,[*]COC(=O)OCC1OC(OCC)OC1[*],*COC(=O)OCC1OC(OCC)OC1*,296.65,GREA,Polyoxides,black,-0.9285714285714286,*CCOCCOCOCCOOCO*,supported,
2926,[*]COCCSSC[*],*COCCSSC*,220.15,GREA,Polyoxides,black,-0.8571428571428571,*CCOCCSS*,supported,
2927,[*]COCCSSSSC[*],*COCCSSSSC*,233.15,GREA,Polyoxides,black,-0.8888888888888888,*CCOCCSSSS*,supported,
2928,[*]COCOCCSSC[*],*COCOCCSSC*,215.65,GREA,Polyoxides,black,-0.8888888888888888,*CCOCOCCSS*,supported,
2929,[*]COCOC[*],*COCOC*,209.15,GREA,Polyoxides,black,-0.8,*CCOCO*,supported,
2964,[*]CSSC[*],*CSSC*,246.15,GREA,Polysulfides,black,-0.75,*CCSS*,supported,
2966,[*]CSSCc1ccccc1[*],*CSSCc1ccccc1*,312.15,GREA,Polysulfides,black,-0.9,*CCCCCCCCSS*,supported,
2968,[*]CSSSSC[*],*CSSSSC*,249.15,GREA,Polysulfides,black,-0.8333333333333334,*CCSSSS*,supported,
4271,[*]OC1CCCCC1[*],*OC1CCCCC1*,341.65,GREA,Polyoxides,black,-0.8571428571428571,*CCCCCCO*,supported,
4770,[*]Oc1cc(Br)cc(Br)c1[*],*Oc1cc(Br)cc(Br)c1*,443.15,GREA,Polyoxides,black,-0.8888888888888888,*BrCCBrCCCOC*,supported,
4774,[*]Oc1cc(Cl)cc(Cl)c1[*],*Oc1cc(Cl)cc(Cl)c1*,438.15,GREA,Polyoxides,black,-0.8888888888888888,*ClCCClCCCOC*,supported,
5331,[*]SC1CCCCC1[*],*SC1CCCCC1*,230.15,GREA,Polysulfides,black,-0.8571428571428571,*CCCCCCS*,supported,
5375,[*]c1[nH]c2ccccc2c1[*],*c1[nH]c2ccccc2c1*,410.15,GREA,Polyimines,black,-0.8888888888888888,*CCCCCCCCN*,supported,
5821,[*]c1ccc(/N=N/c2ccc(OCC)cc2)cc1C(=O)OCCCCCCOC(=O)c1cc(/N=N/c2ccc(OCC)cc2)ccc1[*],*c1ccc(/N=N/c2ccc(OCC)cc2)cc1C(=O)OCCCCCCOC(=O)c1cc(/N=N/c2ccc(OCC)cc2)ccc1*,356.15,GREA,Polyesters,black,-0.9782608695652174,*CCCCCCCCCCCNNCCCCOCCCCCCCOOCCCCCCOCOCCCNNCCCCO*,supported,
5822,[*]c1ccc(/N=N/c2ccc(OCC)cc2)cc1C(=O)OCCCOC(=O)c1cc(/N=N/c2ccc(OCC)cc2)ccc1[*],*c1ccc(/N=N/c2ccc(OCC)cc2)cc1C(=O)OCCCOC(=O)c1cc(/N=N/c2ccc(OCC)cc2)ccc1*,374.15,GREA,Polyesters,black,-0.9767441860465116,*CCCCCCCCCCCNNCCCCOCCCCCCCOOCCCOCOCCCNNCCCCO*,supported,
5823,[*]c1ccc(/N=N/c2ccc(OCC)cc2)cc1C(=O)OCCOCCOCCOC(=O)c1cc(/N=N/c2ccc(OCC)cc2)ccc1[*],*c1ccc(/N=N/c2ccc(OCC)cc2)cc1C(=O)OCCOCCOCCOC(=O)c1cc(/N=N/c2ccc(OCC)cc2)ccc1*,338.15,GREA,Polyoxides,black,-0.9791666666666666,*CCCCCCCCCCCNNCCCCOCCCCCCCOOCCOCCOCCOCOCCCNNCCCCO*,supported,
7089,[*]=CCCCC=[*],*=CCCCC=*,173.075,GREA,Polydienes,yellow,-0.5,*CC*,supported,
7098,[*]CC(CCl)O[*],*CC(CCl)O*,250.925,GREA,Polyoxides,yellow,-0.8,*ClCCCO*,supported,
7099,[*]CC(COCC=C)O[*],*CC(COCC=C)O*,237.825,GREA,Polyoxides,yellow,-0.75,*CCCO*,supported,
7147,[*]CCCOCCC[*],*CCCOCCC*,201.5,Schrodinger,Polyethers,yellow,-0.8571428571428571,*CCCCCCO*,supported,
7149,[*]CNC[*],*CNC*,237.375,GREA,Polyimines,yellow,-0.6666666666666666,*CCN*,supported,
7151,[*]CSC[*],*CSC*,247.325,GREA,Polysulfides,yellow,-0.6666666666666666,*CCS*,supported,
7222,[*]=CCCC=[*],*=CCCC=*,182.15,GREA,Polydienes,gold,-0.5,*CC*,supported,
7234,[*]CC(C)O[*],*CC(C)O*,203.975,GREA,Polyoxides,gold,-0.75,*CCCO*,supported,
7235,[*]CC(C)S[*],*CC(C)S*,226.0,GREA,Polysulfides,gold,-0.75,*CCCS*,supported,
7236,[*]CC(COC)O[*],*CC(COC)O*,211.0,GREA,Polyoxides,gold,-0.8333333333333334,*CCCOCO*,supported,
7321,[*]CCCCOCCCC[*],*CCCCOCCCC*,203.0,GREA,Polyoxides,gold,-0.8888888888888888,*CCCCCCCCO*,supported,
7323,[*]CCOCC[*],*CCOCC*,189.5,GREA,Polyoxides,gold,-0.8,*CCCCO*,supported,
7324,[*]CCOC[*],*CCOC*,195.0,GREA,Polyoxides,gold,-0.75,*CCCO*,supported,
7328,[*]COC[*],*COC*,257.5,GREA,Polyoxides,gold,-0.6666666666666666,*CCO*,supported,
7329,[*]CO[*],*CO*,217.0,GREA,Polyoxides,gold,-0.5,*CO*,supported,
7330,[*]C[*],*C*,219.15,GREA,Polyolefins,gold,-1.0,*C*,supported,
